-- phpMyAdmin SQL Dump
-- version 4.8.4
-- https://www.phpmyadmin.net/
--
-- Host: 127.0.0.1
-- Generation Time: 03-Set-2019 às 01:23
-- Versão do servidor: 10.1.37-MariaDB
-- versão do PHP: 7.3.1

SET SQL_MODE = "NO_AUTO_VALUE_ON_ZERO";
SET AUTOCOMMIT = 0;
START TRANSACTION;
SET time_zone = "+00:00";


/*!40101 SET @OLD_CHARACTER_SET_CLIENT=@@CHARACTER_SET_CLIENT */;
/*!40101 SET @OLD_CHARACTER_SET_RESULTS=@@CHARACTER_SET_RESULTS */;
/*!40101 SET @OLD_COLLATION_CONNECTION=@@COLLATION_CONNECTION */;
/*!40101 SET NAMES utf8mb4 */;

--
-- Database: `controlefrequencia`
--
DROP DATABASE IF EXISTS `controlefrequencia`;
CREATE DATABASE IF NOT EXISTS `controlefrequencia` DEFAULT CHARACTER SET utf8 COLLATE utf8_general_ci;
USE `controlefrequencia`;

-- --------------------------------------------------------

--
-- Estrutura da tabela `aluno`
--

CREATE TABLE `aluno` (
  `codAluno` int(7) NOT NULL,
  `nome` varchar(50) DEFAULT NULL,
  `matricula` int(4) DEFAULT NULL,
  `dtNascimento` date DEFAULT NULL,
  `rg` varchar(10) DEFAULT NULL,
  `cpf` varchar(12) DEFAULT NULL,
  `email` varchar(40) DEFAULT NULL
) ENGINE=InnoDB DEFAULT CHARSET=utf8;

--
-- Extraindo dados da tabela `aluno`
--

INSERT INTO `aluno` (`codAluno`, `nome`, `matricula`, `dtNascimento`, `rg`, `cpf`, `email`) VALUES
(1, 'Fulano de Tal', 4321, '1991-05-14', '65321654-1', '21474836407', 'fulano@email.com'),
(2, 'Aarão Martinho', 1234, '1991-06-15', '451235879', '11065863012', 'tonare_nogueira@hotmail.com'),
(3, 'Abigail Villégas', 1853, '1991-07-17', '249255217', '74463072778', 'zuy.oliveira@hotmail.com'),
(4, 'Acacio Lacerda', 4940, '1991-08-18', '47274555', '35622226104', 'zoiandu@gmail.com'),
(5, 'Adalberto Ilha', 8027, '1991-09-19', '154706107', '31540646300', 'zogas3@yahoo.com.br'),
(6, 'Adalberto Pasos', 11114, '1991-10-21', '356686769', '13400746800', 'zizidocinho@yahoo.com.br'),
(7, 'Adelaide Bezerril', 14201, '1991-11-22', '558667431', '44805465450', 'zim.hac@hotmail.com'),
(8, 'Adelaide Garcia', 17288, '1991-12-24', '760648093', '77081123112', 'zezin_joe@yahoo.com.br'),
(9, 'Adelaide Marroquim', 20375, '1992-01-25', '962628755', '8717237009', 'zettifake@gmail.com'),
(10, 'Adelino Pedrozo', 23462, '1992-02-26', '116460941', '80682872482', 'zenilda_peres@hotmail.com'),
(11, 'Aires Godinho', 26549, '1992-03-29', '136659007', '17035632557', 'zelooko@yahoo.com.br'),
(12, 'Aires Outeiro', 29636, '1992-04-30', '156857071', '24032601429', 'zeh_pikao@yahoo.com.br'),
(13, 'Ajuricaba Fontoura', 32723, '1992-06-01', '177055143', '3102148409', 'zebedeudecrato@hotmail.com'),
(14, 'Alfredo Robalo', 35810, '1992-07-03', '197253265', '35454257540', 'zanguief_tora@yahoo.com.br'),
(15, 'Alicia Freyre', 38897, '1992-08-04', '217412727', '20782364381', 'Zac_efron_hsm_brasil@hotmail.com'),
(16, 'Alicia Vieira', 41984, '1992-09-05', '237493389', '34552862839', 'z7karoom7z@hotmail.com'),
(17, 'Aline Miguel', 45071, '1992-10-07', '257474051', '66887433885', 'yzael_junior@yahoo.com.br'),
(18, 'Almerinda Amarante', 48158, '1992-11-08', '2780454713', '48400286561', 'yweksler@yahoo.com.br'),
(19, 'Almerinda Fernandes', 51245, '1992-12-10', '2982435375', '1734087293', 'yutaksjdvsa@hotmail.com'),
(20, 'Aluísio Cunha', 54332, '1993-01-11', '3184416037', '55250848486', 'yusuke_manabu@zipmail.com.br'),
(21, 'Amandio Bulhão', 57419, '1993-02-12', '3386396699', '60734675402', 'yurilokko@bol.com.br'),
(22, 'Anacleto Lamego', 60506, '1993-03-16', '3588377361', '12842005236', 'yuriii_df@hotmail.com'),
(23, 'Andreia CorteReal', 63593, '1993-04-17', '3790358023', '3106422483', 'yuri1ar@gmail.com'),
(24, 'André Paula', 66680, '1993-05-19', '3992338685', '84338112662', 'yuri_terro-x@hotmail.com'),
(25, 'Angelino Canto', 69767, '1993-06-20', '4194319347', '58010272469', 'Yuri_terro_x@yahoo.com.br'),
(26, 'Anhangüera Guerreiro', 72854, '1993-07-22', '4396300009', '82712102622', 'yuri_smuf@hotmail.com'),
(27, 'Anna Castilhos', 75941, '1993-08-23', '4598280671', '42681202892', 'yuri_quintino@hotmail.com'),
(28, 'Anna Gracia', 79028, '1993-09-24', '4800261333', '23266865863', 'yuri_costa200@hotmail.com'),
(29, 'Antero Quintas', 82115, '1993-10-26', '5002241995', '84831182117', 'yunnapatricia@hotmail.com'),
(30, 'Aníbal Pajares', 85202, '1993-11-27', '5204222657', '81155323203', 'ytalogv12@gmail.com'),
(31, 'Araribóia Campello', 88289, '1993-12-29', '5406203319', '21221327011', 'yrlla_mendes@hotmail.com'),
(32, 'Araribóia Prado', 91376, '1994-01-30', '5608183981', '14671862018', 'ygornobrega@gmail.com'),
(33, 'Armanda Pêssego', 94463, '1994-03-03', '5810164643', '52061176763', 'yellow_boy_13@hotmail.com'),
(34, 'Armando Bento', 97550, '1994-04-04', '6012145305', '88880012207', 'ycaro90@gmail.com'),
(35, 'Arnaldo Pimentel', 100637, '1994-05-06', '6214125967', '42023388201', 'yasminjf@gmail.com'),
(36, 'Barnabé Fonseca', 103724, '1994-06-07', '6416106629', '53558745680', 'yarabya@yahoo.com.br'),
(37, 'Beatriz Batata', 106811, '1994-07-09', '6618087291', '51317006712', 'yara_sanka@hotmail.com'),
(38, 'Benedita Quintella', 109898, '1994-08-10', '6820067953', '15017080155', 'yaguinho_bdl@hotmail.com'),
(39, 'Bento Corvelo', 112985, '1994-09-11', '7022048615', '7033387067', 'yago.salathiel@yahoo.com.br'),
(40, 'Bento Morgado', 116072, '1994-10-13', '7224029277', '42585427099', 'xzibet@gmail.com'),
(41, 'Berengária Barateiro', 119159, '1994-11-14', '7426009939', '5484065704', 'xygers@gmail.com'),
(42, 'Boaventura Vásquez', 122246, '1994-12-16', '7627990601', '73863476778', 'xxxlelexxx@hotmail.com'),
(43, 'Bruna Reis', 125333, '1995-01-17', '7829971263', '83305334096', 'xuxinhagata@hotmail.com'),
(44, 'Brígida Murici', 128420, '1995-02-18', '8031951925', '64563120430', 'xthomasx_rawwwwwr@mississippi.usa.com'),
(45, 'Caetano Castelo', 131507, '1995-03-22', '8233932587', '26782157330', 'xpa_thi@hotmail.com'),
(46, 'Caio Chagas', 134594, '1995-04-23', '8435913249', '5752202523', 'xoxo9811@hotmail.com'),
(47, 'Calisto Custódio', 137681, '1995-05-25', '8637893911', '36131367671', 'xorias_msjgf@hotmail.com'),
(48, 'Carlos Cyrne', 140768, '1995-06-26', '8839874573', '60611260263', 'xiznine@gmail.com'),
(49, 'Carlota Brasil', 143855, '1995-07-28', '9041855235', '85023308618', 'topher.mann@gmail.com'),
(50, 'Carminda Castanheira', 146942, '1995-08-29', '9243835897', '6861352454', 'xis_jesus@zipmail.com.br'),
(51, 'Carolina Rebocho', 150029, '1995-09-30', '9445816559', '80146115279', 'xinho_fcb@yahoo.com.br'),
(52, 'Catarina Gracia', 153116, '1995-11-01', '9647797221', '12048328628', 'xiaoxiaofloodma@gmail.com'),
(53, 'Cauã Enríquez', 156203, '1995-12-03', '9849777883', '67437102021', 'xguttix@hotmail.com'),
(54, 'Cauê Zambujal', 159290, '1996-01-04', '1005175545', '25343157572', 'xelynha11@hotmail.com'),
(55, 'Caím Viana', 162377, '1996-02-05', '1025379207', '56156168141', 'xeh_03@hotmail.com'),
(56, 'Celeste Flores', 165464, '1996-03-08', '1045519869', '1755576242', 'xdorkut@yahoo.com.br'),
(57, 'Cesário Bocaiúva', 168551, '1996-04-09', '1065770531', '85207810049', 'xdom_05@yahoo.com.br'),
(58, 'Cidália Canto', 171638, '1996-05-11', '1085968193', '24770265697', 'xdiegopgd@yahoo.com.br'),
(59, 'Cidália Pirassununga', 174725, '1996-06-12', '1101661855', '70568552105', 'xdany_nick@hotmail.com'),
(60, 'Clóvis Bandeira', 177812, '1996-07-14', '1263642517', '80818446005', 'xandyrf@gmail.com'),
(61, 'Comecus Leme', 180899, '1996-08-15', '1165623179', '37730285045', 'xandicampello@hotmail.com'),
(62, 'Constantino Arouca', 183986, '1996-09-16', '1166703841', '82468423151', 'xandepimentel@hotmail.com'),
(63, 'Constança Pardo', 187073, '1996-10-18', '1186984503', '78376347136', 'x3ramiro@hotmail.com'),
(64, 'Cosperranho Caetano', 190160, '1996-11-19', '1207155165', '62763624413', 'wyllergatinho@hotmail.com'),
(65, 'Crispim Velasques', 193247, '1996-12-21', '1227354827', '51131177738', 'wtsalehouse@yahoo.com.br'),
(66, 'Cristiano Mirandela', 196334, '1997-01-22', '1247556489', '17204840585', 'wtozei@yahoo.com.br'),
(67, 'Cristóvão Morais', 199421, '1997-02-23', '1267757151', '54461457800', 'wsomacauba@hotmail.com'),
(68, 'Custódio Macena', 202508, '1997-03-27', '1287947813', '27141335412', 'wsbariatty@oi.com.br'),
(69, 'Cátia Barata', 205595, '1997-04-28', '1308468475', '51030531013', 'wobersontribalista_@hotmail.com'),
(70, 'Daniela Pena', 208682, '1997-05-30', '1323449137', '33088216309', 'wkacronem@gmail.com'),
(71, 'David Castro', 211769, '1997-07-01', '1345429799', '62832744800', 'witineyzinha@yahoo.com.br'),
(72, 'Davide Brandán', 214856, '1997-08-02', '1387410461', '58204475225', 'winnycarol@yahoo.com.br'),
(73, 'Derli Felgueiras', 217943, '1997-09-03', '1388991123', '40121410404', 'wilton_aloha@gmail.com.br'),
(74, 'Dina Mederos', 221030, '1997-10-05', '1409371785', '30854145176', 'williansbeck@hotmail.com'),
(75, 'Dinarte Saldanha', 224117, '1997-11-06', '1429335247', '27504422657', 'willianluis00@hotmail.com'),
(76, 'Dinis Eanes', 227204, '1997-12-08', '1449533109', '41153863049', 'willianfonseca3@hotmail.com'),
(77, 'Diógenes Malheiros', 230291, '1998-01-09', '1469731771', '24746732027', 'williane_kelly@yahoo.com.br'),
(78, 'Domingos Bugallo', 233378, '1998-02-10', '1489994433', '24535465894', 'willianamorimboss@yahoo.com.br'),
(79, 'Donato Couto', 236465, '1998-03-14', '1510125095', '5168054102', 'william-zoinho@hotmail.com'),
(80, 'Donato Jardim', 239552, '1998-04-15', '1530325757', '41541735455', 'williamkoga@gmail.com'),
(81, 'Dora Carvalhoso', 242639, '1998-05-17', '1550236419', '86408730388', 'williamgates_III@hotmail.com'),
(82, 'Doroteia Carrasco', 245726, '1998-06-18', '1570717081', '77847442183', 'williamdmais@hotmail.com'),
(83, 'Doroteia Casqueira', 248813, '1998-07-20', '1590197743', '46561724801', 'williamcomputadores@yahoo.com.br'),
(84, 'Doroteia Saraiva', 251900, '1998-08-21', '1611178405', '75334052771', 'william-badhot@hotmail.com'),
(85, 'Duarte Natal', 254987, '1998-09-22', '1631315967', '36764337853', 'william_tize@yahoo.com.br'),
(86, 'Dulce Guarabira', 258074, '1998-10-24', '1651513929', '62074641508', 'willi.teles@yahoo.com.br'),
(87, 'Délio Alencar', 261161, '1998-11-25', '1671712031', '1060571897', 'willdug@gmail.com'),
(88, 'Délio Oiticica', 264248, '1998-12-27', '1691910153', '84146703182', 'will_diogenes@yahoo.com.br'),
(89, 'Edmundo Feijó', 267335, '1999-01-28', '1712108715', '45612817380', 'will.flowers89@gmail.com'),
(90, 'Emanuel Eanes', 270422, '1999-03-01', '1732362377', '50320227057', 'wilhan_keven14@hotmail.com'),
(91, 'Emanuela Minho', 273509, '1999-04-02', '1752043039', '65852464112', 'wildersoares@hotmail.com'),
(92, 'Emanuela Tabosa', 276596, '1999-05-04', '1772023701', '35227788715', 'wildcat8426@yahoo.com.br'),
(93, 'Emídio Linares', 279683, '1999-06-05', '1799004363', '71484406532', 'wil_yuri@hotmail.com'),
(94, 'Ernesto Caetano', 282770, '1999-07-07', '1813095025', '37114410760', 'whiara_gatinha@oi.com.br'),
(95, 'Ernesto Peláez', 285857, '1999-08-08', '1833296687', '36227540366', 'weydy.luck.manhosa@hotmail.com'),
(96, 'Esmeralda Palmeira', 288944, '1999-09-09', '1853446349', '18364214608', 'wevertonclone@gmail.com'),
(97, 'Estêvão Belém', 292031, '1999-10-11', '1873697011', '64205017251', 'wevertoncherigati@yahoo.com.br'),
(98, 'Eudes Bahia', 295118, '1999-11-12', '1893897673', '56210622569', 'wevertoncambraia@yahoo.com.br'),
(99, 'Eulália Canejo', 298205, '1999-12-14', '1914088335', '76305311501', 'weslley-vl@hotmail.com'),
(100, 'Ezequiel Simão', 301292, '2000-01-15', '1934268997', '12076376887', 'weslleyssf@uol.com.br'),
(101, 'Fabrício Aguiar', 304379, '2000-02-16', '1954489659', '55470101118', 'weslleyssf@hotmail.com'),
(102, 'Fausto Vásquez', 307466, '2000-03-19', '1976830321', '35173261005', 'wesleymarttins@yahoo.com.br'),
(103, 'Fernando Doutel', 310553, '2000-04-20', '1948810983', '56656017053', 'wesleyfio@gmail.com'),
(104, 'Fernando Regueira', 313640, '2000-05-22', '2015791645', '50572651139', 'wesleyfcruz@ig.com.br'),
(105, 'Fernão Falcão', 316727, '2000-06-23', '2035772307', '68800486509', 'wesleydub808@yahoo.com.br'),
(106, 'Filena Granja', 319814, '2000-07-25', '2055452969', '13688452828', 'wesley_gatinho2@msn.com'),
(107, 'Filipe Pirassununga', 322901, '2000-08-26', '2075733631', '63747505864', 'wesley_canalha@hotmail.com'),
(108, 'Filomena Olivares', 325988, '2000-09-27', '2098714293', '71065755503', 'wesley.xxx@bol.com.br'),
(109, 'Firmino Nieto', 329075, '2000-10-29', '2110694955', '84225305031', 'wesdley16@hotmail.com'),
(110, 'Flamínia Asunción', 332162, '2000-11-30', '2132675617', '28383448201', 'we-rodrigues@bol.com.br'),
(111, 'Flamínia Bocaiúva', 335249, '2001-01-01', '2156466279', '16502470017', 'werneckmario@yahoo.com.br'),
(112, 'Floripes Cabrera', 338336, '2001-02-02', '2176636941', '53500723403', 'wendelsantos@ajato.com.br'),
(113, 'Flávio Freyria', 341423, '2001-03-06', '2196617603', '61741677122', 'wendell-cardoso@bol.com.br'),
(114, 'Francisco Almeida', 344510, '2001-04-07', '2217098265', '13714274375', 'wendell_tete_22@yahoo.com.br'),
(115, 'Francisco Villegas', 347597, '2001-05-09', '2232578927', '2116446333', 'wendell.campos@hotmail.com'),
(116, 'Francisco Ximenes', 350684, '2001-06-10', '2274559589', '16431316487', 'wendel_ths@hotmail.com'),
(117, 'Frederica Belo', 353771, '2001-07-12', '2276540251', '52043305778', 'wendel_castelano@yahoo.com.br'),
(118, 'Fulvio Carvalheira', 356858, '2001-08-13', '2297850913', '11241350060', 'wellinton_16@hotmail.com'),
(119, 'Gabriel Casado', 359945, '2001-09-14', '2318051575', '73414857103', 'wellintoceara@yahoo.com.br'),
(120, 'Geraldo Carreiro', 363032, '2001-10-16', '2338248237', '86512725026', 'wellek_28@hotmail.com'),
(121, 'Giovana Lustosa', 366119, '2001-11-17', '2358442899', '55546648570', 'well_promiscuos_boy@hotmail.com'),
(122, 'Girão Bello', 369206, '2001-12-19', '2378643561', '74653074496', 'welidavalessa@yahoo.com.br'),
(123, 'Girão Ramalho', 372293, '2002-01-20', '2398824223', '78065627617', 'welidavaleska@yahoo.com.br'),
(124, 'Gláucia Guilheiro', 375380, '2002-02-21', '2419004885', '77071413185', 'wedersonkralho@yahoo.com.br'),
(125, 'Gláucia Mattos', 378467, '2002-03-25', '2439285547', '58824368425', 'weberpdr@yahoo.com.br'),
(126, 'Gláucio Alancastre', 381554, '2002-04-26', '2459466209', '66784661281', 'warleytavares@yahoo.com.br'),
(127, 'Glória Muñiz', 384641, '2002-05-28', '2479646871', '11777383501', 'warlenandrade@hotmail.com'),
(128, 'Godo Duarte', 387728, '2002-06-29', '2499327533', '33828588867', 'warlen38@hotmail.com'),
(129, 'Graça Dutra', 390815, '2002-07-31', '2520308195', '35770256702', 'Wang@Pandora.be'),
(130, 'Greice Freitas', 393902, '2002-09-01', '2540288857', '3632681465', 'wanessazatta@hotmail.com'),
(131, 'Guadalupe Viveros', 396989, '2002-10-03', '2564269519', '37568858871', 'wanessaagatha@hotmail.com'),
(132, 'Guilherme Marino', 400076, '2002-11-04', '2580250181', '8560245030', 'wanderson10sp@gmail.com'),
(133, 'Gávio Varanda', 403163, '2002-12-06', '2600230843', '60520671015', 'wanderson@univale.br'),
(134, 'Heitor Alencastre', 406250, '2003-01-07', '2621021505', '48862628307', 'wander_siqueira08@hotmail.com'),
(135, 'Helena Pedrozo', 409337, '2003-02-08', '2641192167', '22080646400', 'walter-viana@hotmail.com'),
(136, 'Helena Vilanova', 412424, '2003-03-12', '2661172829', '48134886841', 'wallacepety@gmail.com'),
(137, 'Herberto VilaChã', 415511, '2003-04-13', '2681153491', '54856741780', 'wallacepety@bol.com.br'),
(138, 'Hermano Bugalho', 418598, '2003-05-15', '2701134153', '84404481390', 'wallacenokia@hotmail.com'),
(139, 'Hermenegildo Hipólito', 421685, '2003-06-16', '2722011815', '55018700297', 'walison_so_pras_mina@yahoo.com.br'),
(140, 'Hermesinda Iglesias', 424772, '2003-07-18', '2742205477', '88652046646', 'walison_r10@yahoo.com.br'),
(141, 'Hermígio CastelBranco', 427859, '2003-08-19', '2762476139', '8656806394', 'walfritjs@hotmail.com'),
(142, 'Honório Eanes', 430946, '2003-09-20', '2782056801', '33260548408', 'walcy_zem@yahoo.com.br'),
(143, 'Hugo Batata', 434033, '2003-10-22', '2802837463', '28447123200', 'waitefilipes@yaroo.com.br'),
(144, 'Iara Hipólito', 437120, '1991-05-14', '2823018125', '26866533295', 'wagnersilvanet@gmail.com'),
(145, 'Iara Parahyba', 440207, '1991-06-15', '2843198787', '21734151153', 'wagner_32@hotmail.com'),
(146, 'Ibijara Chamusca', 443294, '1991-07-17', '2863379449', '26766602252', 'wag17capoeira@yahoo.com.br'),
(147, 'Ildefonso Javier', 446381, '1991-08-18', '2883560111', '82414178531', 'w_batistello@hotmail.com'),
(148, 'Ilídio Bautista', 449468, '1991-09-19', '2903740773', '43865840132', 'w.nill02@gmail.com'),
(149, 'Inácio Cisneros', 452555, '1991-10-21', '2923921435', '63155541210', 'w.isl@hotmail.com'),
(150, 'Irani Dutra', 455642, '1991-11-22', '2944102097', '81427460850', 'vulcan_300@pop.com.br'),
(151, 'Isaura Hernández', 458729, '1991-12-24', '2964382759', '57810087304', 'voodoothedoll@gmail.com'),
(152, 'Israel Serpa', 461816, '1992-01-25', '2984563421', '70364778148', 'vonega@itelefonica.com.br'),
(153, 'Iva Hernández', 464903, '1992-02-26', '3004744083', '33260380035', 'vmrocha5@yahoo.com.br'),
(154, 'Ivo Orriça', 467990, '1992-03-29', '3024824745', '46010572649', 'vmarap@hotmail.com'),
(155, 'Jacinto Castelhano', 471077, '1992-04-30', '3045805407', '78224231771', 'vlamber@hotmail.com'),
(156, 'Jacir Vasconcelos', 474164, '1992-06-01', '3065786069', '80613737504', 'vladisejas@gmail.com'),
(157, 'Jacira Loureiro', 477251, '1992-07-03', '3055766731', '57652131200', 'vladinhoqueirozsejas@gmail.com'),
(158, 'Jadir Carromeu', 480338, '1992-08-04', '3105747393', '80237157551', 'vladinhoqueiroz@uol.com.br'),
(159, 'Jaime Garcez', 483425, '1992-09-05', '3125978055', '62441280600', 'vivsweet_4@hotmail.com'),
(160, 'Jamari Butantã', 486512, '1992-10-07', '3146178717', '42207041085', 'vivitamyris@hotmail.com'),
(161, 'Janaína Pari', 489599, '1992-11-08', '3166369379', '64261285703', 'vivisuetham@yahoo.com.br'),
(162, 'Jeremias Carqueijeiro', 492686, '1992-12-10', '3186567041', '78615657505', 'vivisoapronto_demais@hotmail.com'),
(163, 'Josefa Moreyra', 495773, '1993-01-11', '3206765703', '84638857485', 'VIVIKAGREENEYES@HOTMAIL.COM'),
(164, 'Josefina Sousa do Prado', 498860, '1993-02-12', '3226963365', '42346743623', 'vividonde@gmail.com'),
(165, 'Josué Regalado', 501947, '1993-03-16', '3247161027', '42030071358', 'vivianetop@hotmail.com'),
(166, 'João Escobar', 505034, '1993-04-17', '3267352689', '45204647490', 'vivianemv2@yahoo.com.br'),
(167, 'Jurema Bento', 508121, '1993-05-19', '3287553351', '11255288000', 'vivianemelloptu@gmail.com'),
(168, 'Jurema Casalinho', 511208, '1993-06-20', '3307754013', '43306407402', 'vivianegm2@hotmail.com'),
(169, 'Jurema Mainha', 514295, '1993-07-22', '3327953675', '5427047492', 'viviamorim7@hotmail.com'),
(170, 'Jónatas Varela', 517382, '1993-08-23', '3348155337', '11052858554', 'vivi_stockell@hotmail.com'),
(171, 'Júlia Bulhosa', 520469, '1993-09-24', '3368395999', '85268308050', 'vivi_marvelous@hotmail.com'),
(172, 'Laurinda Onofre', 523556, '1993-10-26', '3385476661', '48777120892', 'vivi_hta.kiki@yahoo.com.br'),
(173, 'Lavínia Palma', 526643, '1993-11-27', '3408457323', '22541627807', 'vivi.almeida1@yahoo.com.br'),
(174, 'Leandro Beserril', 529730, '1993-12-29', '3428937985', '11547064609', 'viver_sem_amor@hotmail.com'),
(175, 'Leonilde Amaral', 532817, '1994-01-30', '3449148647', '15517275796', 'viuvinha_sozinha@hotmail.com'),
(176, 'Leonilde Cyrne', 535904, '1994-03-03', '3469339309', '87567722038', 'vitortabombado@hotmail.com'),
(177, 'Leonilde Dutra', 538991, '1994-04-04', '3489539971', '62534608380', 'vitorsr92@hotmail.com'),
(178, 'Leonor Moita', 542078, '1994-05-06', '3509760633', '76747376242', 'vitoripesp@hotmail.com'),
(179, 'Levi Colares', 545165, '1994-06-07', '3529941295', '74542408280', 'vitoriasexta@hotmail.com'),
(180, 'Levi Vidigal', 548252, '1994-07-09', '3550121957', '68365508761', 'vitoriaribeiro@bol.com.br'),
(181, 'Leônidas   Galvão', 551339, '1994-08-10', '3570330219', '46772264746', 'vitorhugo_87@hotmail.com'),
(182, 'Lineu Matoso', 554426, '1994-09-11', '3590523281', '70278741720', 'vitorgatto_mau@hotmail.com'),
(183, 'Lorena Azevedo', 557513, '1994-10-13', '3610763943', '61665500816', 'vitorbernardes258@yahoo.com.br'),
(184, 'Lorena Saloio', 560600, '1994-11-14', '3630944605', '40723371539', 'vitor5200@hotmail.com'),
(185, 'Lourenço Cardozo', 563687, '1994-12-16', '3651125267', '75154182731', 'vitor_cma_bh@yahoo.com.br'),
(186, 'Lua Dantas', 566774, '1995-01-17', '3671305929', '44821868482', 'vitor.vitim@yahoo.com.br'),
(187, 'Luana Serpa', 569861, '1995-02-18', '3691586591', '6581342645', 'vitinho_48@yahoo.com.br'),
(188, 'Luciana Casqueira', 572948, '1995-03-22', '3711167253', '77826230659', 'vitinho_2008@hotmail.com.bb'),
(189, 'Luís Pitangui', 576035, '1995-04-23', '3739147915', '28781071280', 'vitinho_2008@hotmail.com'),
(190, 'Luísa Souto', 579122, '1995-05-25', '3752128577', '47805552568', 'vitinho.barros.lost@hotmail.com'),
(191, 'Lília Freyria', 582209, '1995-06-26', '3772109239', '67543315009', 'vitaodoidao@gmail.com'),
(192, 'Lívia Beserril', 585296, '1995-07-28', '3792089901', '36887746719', 'viserpa6@hotmail.com'),
(193, 'Lívia Marins', 588383, '1995-08-29', '3812770563', '42867757126', 'virnapcosta@gmail.com'),
(194, 'Lúcia Cardim', 591470, '1995-09-30', '3839051225', '1457010348', 'virginiasouzza@yahoo.com.br'),
(195, 'Lúcio Inês', 594557, '1995-11-01', '3851031887', '21715202058', 'virginia_luisa@yahoo.com.br'),
(196, 'Mafalda Carvalheiro', 597644, '1995-12-03', '3873012549', '76451536369', 'virajbotadra@yahoo.co.in'),
(197, 'Magda Varella', 600731, '1996-01-04', '3834993211', '82800745541', 'vipzin_partioo@hotmail.com'),
(198, 'Manuel Pacheco', 603818, '1996-02-05', '3936973873', '44467548823', 'viptitoo@yahoo.com.br'),
(199, 'Manuela Vicario', 606905, '1996-03-08', '3938954535', '48134778798', 'vipetop@yahoo.com.br'),
(200, 'Marcos Botelho', 609992, '1996-04-09', '3940935197', '32441438573', 'vip_fabio-@hotmail.com'),
(201, 'Mariana Fraga', 613079, '1996-05-11', '3972915859', '84836473209', 'vip.boy@hotmail.com'),
(202, 'Marisa Muniz', 616166, '1996-06-12', '3994496521', '37421764127', 'vio_gomez@hotmail.com'),
(203, 'Maximiliano Brandão', 619253, '1996-07-14', '4014687183', '60016732847', 'vinyciusrbd6@hotmail.com'),
(204, 'Mbicy Fernandes', 622340, '1996-08-15', '4034857845', '18307818559', 'vinny88bh@hotmail.com'),
(205, 'Mem Paraguaçu', 625427, '1996-09-16', '4055038507', '52845668589', 'vinissius_gato@hotmail.com'),
(206, 'Micael CastelBranco', 628514, '1996-10-18', '4075289169', '23030038491', 'vinisg@gmail.com'),
(207, 'Miguelina Albuquerque', 631601, '1996-11-19', '4095799831', '80651501288', 'vinii.pinus@gmail.com'),
(208, 'Miguelina Grangeia', 634688, '1996-12-21', '4115780493', '82826118595', 'vinigoto@hotmail.com'),
(209, 'Miru Godoi', 637775, '1997-01-22', '4135861155', '53225507393', 'vinigarcia91@hotmail.com.br'),
(210, 'Moema Bahia', 640862, '1997-02-23', '4156741817', '88238284147', 'vinigarcia91@hotmail.com'),
(211, 'Moisés Valgueiro', 643949, '1997-03-27', '4172722479', '22040112588', 'vinifratuci@hotmail.com'),
(212, 'Napoleão Damazio', 647036, '1997-04-28', '4196703141', '32467787109', 'viniciusxp4@yahoo.com.br'),
(213, 'Napoleão Pimienta', 650123, '1997-05-30', '4216683803', '46855856586', 'viniciusugatinho@hotmail.com'),
(214, 'Napoleão Pitanga', 653210, '1997-07-01', '4236864465', '53066368378', 'viniciuschaboli@yahoo.com.br'),
(215, 'Natividade Magalhães', 656297, '1997-08-02', '4257065127', '71332558208', 'vinicius_yslot@hotmail.com'),
(216, 'Natividade Piragibe', 659384, '1997-09-03', '4277225789', '17710403786', 'vinicius_ninja@hotmail.com'),
(217, 'Natália Sequeira', 662471, '1997-10-05', '4297606451', '68324611193', 'vinicius_gdc@hotmail.com'),
(218, 'Nazaré Quinteiro', 665558, '1997-11-06', '4376587113', '25132063209', 'vinicius_fp92@hotmail.com'),
(219, 'Nestor Beltrão', 668645, '1997-12-08', '4337867775', '17818480250', 'vinicius.motocross@yahoo.com.br'),
(220, 'Nestor Candeias', 671732, '1998-01-09', '4358048437', '48505436857', 'vinicim_dutra@yahoo.com.br'),
(221, 'Nestor Fróis', 674819, '1998-02-10', '4378229099', '87700313393', 'vini1998@hotmail.com'),
(222, 'Neusa Fróis', 677906, '1998-03-14', '4394509761', '17716577239', 'vini_cios@yahoo.com'),
(223, 'Neuza Ulhoa', 680993, '1998-04-15', '4416490423', '27140000379', 'vini_black2@hotmail.com'),
(224, 'Odete Osorio', 684080, '1998-05-17', '4488471085', '42711581357', 'vini_alviverde@hotmail.com'),
(225, 'Odete Verissimo', 687167, '1998-06-18', '4490451747', '13442122716', 'vini.moura@ibest.com.br'),
(226, 'Olívia Soeiro', 690254, '1998-07-20', '4479432409', '50683205285', 'vingadorlol@gmail.com'),
(227, 'Osvaldo Mourato', 693341, '1998-08-21', '4499413071', '74216208347', 'vingador_xp@yahoo.com.br'),
(228, 'Otília Quintero', 696428, '1998-09-22', '4519633733', '35554600646', 'viloko_@hotmail.com'),
(229, 'Palmiro Meireles', 699515, '1998-10-24', '4538374395', '80876025106', 'vilma_narcisa@yahoo.com.br'),
(230, 'Palo Infante', 702602, '1998-11-25', '4560355057', '43461862622', 'vilamzes@hotmail.com'),
(231, 'Palo Madeira', 705689, '1998-12-27', '4582335719', '332667278', 'viktor_chorao@hotmail.com'),
(232, 'Patrícia Vale', 708776, '1999-01-28', '4600431631', '35215201617', 'viip01@yahoo.com.br'),
(233, 'Patrícia Valle', 711863, '1999-03-01', '4620629743', '73065320495', 'vihnihx3@hotmail.com'),
(234, 'Patrício Simón', 714950, '1999-04-02', '4640827705', '84534566581', 'viguinho_vidaloka@hotmail.com'),
(235, 'Pedro Hipólito', 718037, '1999-05-04', '4661028367', '41345764154', 'vigilantevirtual77@gmail.com'),
(236, 'Penélope Valadares', 721124, '1999-06-05', '4681229029', '62048145671', 'victorscarpino@gmail.com'),
(237, 'Piedade Negreiros', 724211, '1999-07-07', '4701419691', '65615168420', 'victorrpinheiro@yahoo.com.br'),
(238, 'Poliana Braz', 727298, '1999-08-08', '4721620053', '34868013335', 'victorprofile1@gmail.com'),
(239, 'Porfírio Diniz', 730385, '1999-09-09', '4741881015', '67552854715', 'victoribei@hotmail.com'),
(240, 'Querubim Guimarães', 733472, '1999-10-11', '4762061677', '67114775377', 'victoria_rainha_49@yahoo.com.br'),
(241, 'Quirina Castillo', 736559, '1999-11-12', '4782242339', '63084451184', 'victorassolan@bol.com.br'),
(242, 'Quirina Varanda', 739646, '1999-12-14', '4802423001', '40454020120', 'victor_saumpaulo@hotmail.com'),
(243, 'Quirino Parafita', 742733, '2000-01-15', '4822603663', '15562371707', 'victor_iais@yahoo.com.br'),
(244, 'Quirino Ramires', 745820, '2000-02-16', '4848084325', '36244351754', 'victor@unipam.edu.br'),
(245, 'Raimundo Nobre', 748907, '2000-03-19', '4863006987', '5620545024', 'victor@enois157.com'),
(246, 'Regina Vilalobos', 751994, '2000-04-20', '4883204649', '35144401589', 'victor.versteht@gmail.com'),
(247, 'Reginaldo Faro', 755081, '2000-05-22', '4903402311', '47608404604', 'victor.conceicao1990@bol.com.br'),
(248, 'Ricardo Monforte', 758168, '2000-06-23', '4923600973', '30780160134', 'victhor.com@hotmail.com'),
(249, 'Rita Beltrão', 761255, '2000-07-25', '4943798765', '25508113649', 'vicsanchez2004@hotmail.com'),
(250, 'Roberto Quinaz', 764342, '2000-08-26', '4963996897', '61523184167', 'vicky_naomy_2@yahoo.com.br'),
(251, 'Rodolfo Carqueijeiro', 767429, '2000-09-27', '4984194959', '12576345344', 'vi_vi_cristinaf@hotmail.com'),
(252, 'Romano Raminhos', 770516, '2000-10-29', '5004399621', '52252713402', 'vi_quirino@hotmail.com'),
(253, 'Romano Velásquez', 773603, '2000-11-30', '5024590283', '2546618156', 'vi_badboy@hotmail.com'),
(254, 'Roque Durão', 776690, '2001-01-01', '5044790945', '26337564090', 'veveacioly13@yahoo.com.br'),
(255, 'Rosa Sequeira', 779777, '2001-02-02', '5049871607', '8624640725', 'vesgoxsilvio@gmail.com'),
(256, 'Roseli Figueiroa', 782864, '2001-03-06', '5085152269', '8120374134', 'verikax@hotmail.com'),
(257, 'Rosário Barbosa', 785951, '2001-04-07', '5105382931', '23714247815', 'veniciasousa@hotmail.com'),
(258, 'Rubim Simões', 789038, '2001-05-09', '5125513593', '83383035425', 'vegetaprincipe@hotmail.com'),
(259, 'Ruca Torrado', 792125, '2001-06-10', '5145774255', '17385277004', 'vdtxandao@hotmail.com'),
(260, 'Sabina Bezerril', 795212, '2001-07-12', '5165977917', '85376447812', 'vdfj23@hotmail.com'),
(261, 'Salomão Leal', 798299, '2001-08-13', '5186175579', '63530868060', 'Vdecnop@yahoo.com.br'),
(262, 'Samuel Padilla', 801386, '2001-09-14', '5206373241', '41402218877', 'vcss15@yahoo.co.in'),
(263, 'Sancha Sanches', 804473, '2001-10-16', '5226576903', '34423832500', 'vcescreve@hotmail.com'),
(264, 'Santiago Neres', 807560, '2001-11-17', '5246767565', '76351415462', 'vava_negao@yahoo.com.br'),
(265, 'Selma Carreira', 810647, '2001-12-19', '5266978227', '70275303330', 'vaskoproducoes@globo.com'),
(266, 'Selma Dantas', 813734, '2002-01-20', '5287165889', '14075425754', 'vanvan.andrade@bol.com.br'),
(267, 'Serafim Novalles', 816821, '2002-02-21', '5307363951', '18765411480', 'vanuzamartins-2007@yahoo.com.br'),
(268, 'Sidónio Proença', 819908, '2002-03-25', '5327562013', '30785783130', 'vansurf10@hotmail.com'),
(269, 'Silvano Bautista', 822995, '2002-04-26', '5347760875', '2433631335', 'vaninha_wtp@hotmail.com'),
(270, 'Simeão Murici', 826082, '2002-05-28', '5367958537', '73835620037', 'vanillaofcake@bol.com.br'),
(271, 'Simone Soares', 829169, '2002-06-29', '5388156199', '48883660200', 'vaniatomaluca@hotmail.com'),
(272, 'Socorro Felgueiras', 832256, '2002-07-31', '5408342861', '38348570845', 'vani_100_eu@hotmail.com'),
(273, 'Sofia Canto', 835343, '2002-09-01', '5428553523', '43058232500', 'vanessinha_mainardes@yahoo.com.br'),
(274, 'Sílvio Nunes', 838430, '2002-10-03', '5448754185', '74570548636', 'tutyh-tinha@hotmail.com'),
(275, 'Tarrataca Gravato', 841517, '2002-11-04', '5468984847', '14637360021', 'tutotakagui@hotmail.com'),
(276, 'Teodoro Loureiro', 844604, '2002-12-06', '5489145509', '37021116039', 'tutb@hotmail.com'),
(277, 'Tibúrcio Dantas', 847691, '2003-01-07', '5509346171', '37085521309', 'tuta.cbf@bol.com.br'),
(278, 'Timóteo Góis', 850778, '2003-02-08', '5529526833', '75046487012', 'turmadochaves50@hotmail.com'),
(279, 'Tomás Loureiro', 853865, '2003-03-12', '5549707495', '25106606756', 'turbonetinformatica@gmail.com'),
(280, 'Tristão Paranaguá', 856952, '2003-04-13', '5569938157', '17588175770', 'tuningkern02@gmail.com'),
(281, 'Tália Vilar', 860039, '2003-05-15', '5590138819', '18844327783', 'tunecaluis@hotmail.com'),
(282, 'Ubaldo Cortés', 863126, '2003-06-16', '5610339481', '56657047410', 'tufvab@gmail.com'),
(283, 'Ubaldo Monteiro', 866213, '2003-07-18', '5630330143', '26105733402', 'tufisinho@hotmail.com'),
(284, 'Valentim Freiria', 869300, '2003-08-19', '5650731805', '51112706208', 'tufi_neto_miguel@hotmail.com'),
(285, 'Valentina Varanda', 872387, '2003-09-20', '5670991467', '18002548140', 'tudowww@gmail.com'),
(286, 'Vanderlei Martínez', 875474, '2003-10-22', '5691122129', '43865374069', 'tudo_debomsempre@yahoo.com.br'),
(287, 'Veridiana Caldas', 878561, '2003-11-23', '5711322791', '37383474619', 'tucano775@yahoo.com.br'),
(288, 'Veridiana Girã', 881648, '2003-12-25', '5731523453', '53174762162', 'tubinodasilva@bol.com.br'),
(289, 'Veridiana Simas', 884735, '2004-01-26', '5751724115', '26738105525', 'ttthick@yahoo.com.br'),
(290, 'Veríssimo Alencar', 887822, '2004-02-27', '5771914777', '42025752024', 'ttiago_felipe@yahoo.com.br'),
(291, 'Vicente Uchoa', 890909, '2004-03-30', '5792117439', '70245534806', 'ttiago_felipe@yahoo.com'),
(292, 'Virgílio Coitinho', 893996, '2004-05-01', '5812316101', '18801672390', 'ttatyzinha@yahoo.com.br'),
(293, 'Virgílio Zarco', 897083, '2004-06-02', '5832516763', '734036361', 'tsuzarte@gmail.com'),
(294, 'Vitória Jiménez', 900170, '2004-07-04', '5852717425', '80667600191', 'tronic_ocp@yahoo.com.br'),
(295, 'Vivaldo Bastos', 903257, '2004-08-05', '5872998087', '33303203113', 'tristania_92@hotmail.com'),
(296, 'Xerxes Machado', 906344, '2004-09-06', '5893178749', '40357331648', 'trincacv@bol.com'),
(297, 'Zidane Mena', 909431, '2004-10-08', '5913059411', '12158026766', 'trevaskenpanico@yahoo.com.br'),
(298, 'Zita Fontes', 912518, '2004-11-09', '5933040073', '64655786116', 'toninholoboguara@itelefonica.com.br'),
(299, 'Élvio Calheiros', 915605, '2004-12-11', '5953720735', '14308132886', 'tonare_nogueira@hotmail.com'),
(300, 'Érica Freitas', 918692, '2005-01-12', '5973901397', '56007083861', 'tomzinhotxutxuuco@gmail.com');

-- --------------------------------------------------------

--
-- Estrutura da tabela `curso`
--

CREATE TABLE `curso` (
  `codCurso` int(4) NOT NULL,
  `nome` varchar(50) DEFAULT NULL,
  `periodo` varchar(20) DEFAULT NULL,
  `coordenador` varchar(40) DEFAULT NULL,
  `duracao` varchar(20) DEFAULT NULL
) ENGINE=InnoDB DEFAULT CHARSET=utf8;

--
-- Extraindo dados da tabela `curso`
--

INSERT INTO `curso` (`codCurso`, `nome`, `periodo`, `coordenador`, `duracao`) VALUES
(1, 'Administração', 'Verpestino', 'Beltrano da Silva', '3 semestres'),
(2, 'Informatica', 'Noite', 'Sueli', '3 Semestre'),
(3, 'Segurança do trabalho', 'Noite', 'Nelson', '3 semestre'),
(4, 'Enfermagem', 'Manhã', 'Jose', '4 Semestre'),
(5, 'Nutrição e Dietética', 'Noite', 'Gustavo', '3 Semestre'),
(6, 'Cozinha', 'Noite', 'Maria', '3 Semestre');

-- --------------------------------------------------------

--
-- Estrutura da tabela `escola`
--

CREATE TABLE `escola` (
  `codEscola` int(9) NOT NULL,
  `endereco` varchar(40) DEFAULT NULL,
  `diretor` varchar(50) DEFAULT NULL,
  `dtInauguracao` date DEFAULT NULL,
  `nome` varchar(40) DEFAULT NULL
) ENGINE=InnoDB DEFAULT CHARSET=utf8;

--
-- Extraindo dados da tabela `escola`
--

INSERT INTO `escola` (`codEscola`, `endereco`, `diretor`, `dtInauguracao`, `nome`) VALUES
(1, 'Rua Que Sobe e Desce e Desaparece', 'Ciclana dos Anjos', '1998-05-16', 'Escola Municipal de Cursos'),
(2, 'Rua Nazir Miguel,779', 'Sueli Martins', '2010-05-16', 'Escola Estadual de Ensino Técnico');

-- --------------------------------------------------------

--
-- Estrutura da tabela `frequencia`
--

CREATE TABLE `frequencia` (
  `codFrequencia` int(7) NOT NULL,
  `dataHora` datetime DEFAULT CURRENT_TIMESTAMP,
  `estado` varchar(20) DEFAULT NULL,
  `codFuncionarioFk` int(5) DEFAULT NULL,
  `codMatriculaFk` int(7) DEFAULT NULL
) ENGINE=InnoDB DEFAULT CHARSET=utf8;

--
-- Extraindo dados da tabela `frequencia`
--

INSERT INTO `frequencia` (`codFrequencia`, `dataHora`, `estado`, `codFuncionarioFk`, `codMatriculaFk`) VALUES
(1, '2019-09-02 20:20:53', 'ativo', 2, 1),
(2, '2019-09-02 20:20:53', 'ativo', 2, 2),
(3, '2019-09-02 20:20:53', 'ativo', 2, 3),
(4, '2019-09-02 20:20:53', 'ativo', 2, 4),
(5, '2019-09-02 20:20:53', 'ativo', 2, 5),
(6, '2019-09-02 20:20:53', 'ativo', 2, 6),
(7, '2019-09-02 20:20:53', 'ativo', 2, 7),
(8, '2019-09-02 20:20:53', 'ativo', 2, 1),
(9, '2019-09-02 20:20:53', 'ativo', 2, 2),
(10, '2019-09-02 20:20:53', 'ativo', 1, 3),
(11, '2019-09-02 20:20:53', 'ativo', 1, 4),
(12, '2019-09-02 20:20:53', 'ativo', 1, 5),
(13, '2019-09-02 20:20:53', 'ativo', 1, 6),
(14, '2019-09-02 20:20:53', 'ativo', 1, 7),
(15, '2019-09-02 20:20:53', 'ativo', 1, 1),
(16, '2019-09-02 20:20:53', 'ativo', 1, 2),
(17, '2019-09-02 20:20:53', 'ativo', 1, 3),
(18, '2019-09-02 20:20:53', 'ativo', 1, 4),
(19, '2019-09-02 20:20:53', 'inativo', 1, 5),
(20, '2019-09-02 20:20:53', 'inativo', 3, 6),
(21, '2019-09-02 20:20:53', 'inativo', 3, 7),
(22, '2019-09-02 20:20:53', 'inativo', 3, 1),
(23, '2019-09-02 20:20:53', 'inativo', 3, 2),
(24, '2019-09-02 20:20:53', 'inativo', 3, 3),
(25, '2019-09-02 20:20:53', 'inativo', 3, 4),
(26, '2019-09-02 20:20:53', 'ativo', 3, 5),
(27, '2019-09-02 20:20:54', 'ativo', 3, 6),
(28, '2019-09-02 20:20:54', 'ativo', 3, 7),
(29, '2019-09-02 20:20:54', 'ativo', 3, 1),
(30, '2019-09-02 20:20:54', 'ativo', 3, 2),
(31, '2019-09-02 20:20:54', 'ativo', 3, 3),
(32, '2019-09-02 20:20:54', 'ativo', 3, 4),
(33, '2019-09-02 20:20:54', 'ativo', 3, 5),
(34, '2019-09-02 20:20:54', 'ativo', 3, 6),
(35, '2019-09-02 20:20:54', 'ativo', 3, 7),
(36, '2019-09-02 20:20:54', 'ativo', 3, 1),
(37, '2019-09-02 20:20:54', 'ativo', 2, 2),
(38, '2019-09-02 20:20:54', 'ativo', 2, 3),
(39, '2019-09-02 20:20:54', 'ativo', 2, 4),
(40, '2019-09-02 20:20:54', 'ativo', 2, 5),
(41, '2019-09-02 20:20:54', 'ativo', 2, 6),
(42, '2019-09-02 20:20:54', 'inativo', 2, 7),
(43, '2019-09-02 20:20:54', 'inativo', 2, 1),
(44, '2019-09-02 20:20:54', 'inativo', 2, 2),
(45, '2019-09-02 20:20:54', 'inativo', 2, 3),
(46, '2019-09-02 20:20:54', 'inativo', 1, 4),
(47, '2019-09-02 20:20:54', 'inativo', 1, 5),
(48, '2019-09-02 20:20:54', 'inativo', 1, 6),
(49, '2019-09-02 20:20:54', 'ativo', 1, 7),
(50, '2019-09-02 20:20:54', 'ativo', 1, 1),
(51, '2019-09-02 20:20:54', 'ativo', 1, 2),
(52, '2019-09-02 20:20:54', 'ativo', 1, 3),
(53, '2019-09-02 20:20:54', 'ativo', 1, 4),
(54, '2019-09-02 20:20:54', 'ativo', 1, 5),
(55, '2019-09-02 20:20:54', 'ativo', 1, 6),
(56, '2019-09-02 20:20:54', 'ativo', 3, 7),
(57, '2019-09-02 20:20:55', 'ativo', 3, 1),
(58, '2019-09-02 20:20:55', 'ativo', 3, 2),
(59, '2019-09-02 20:20:55', 'ativo', 3, 3),
(60, '2019-09-02 20:20:55', 'ativo', 3, 4),
(61, '2019-09-02 20:20:55', 'ativo', 3, 5),
(62, '2019-09-02 20:20:55', 'ativo', 3, 6),
(63, '2019-09-02 20:20:55', 'ativo', 3, 7),
(64, '2019-09-02 20:20:55', 'ativo', 3, 1),
(65, '2019-09-02 20:20:55', 'inativo', 3, 2),
(66, '2019-09-02 20:20:55', 'inativo', 3, 3),
(67, '2019-09-02 20:20:55', 'inativo', 3, 4),
(68, '2019-09-02 20:20:55', 'inativo', 3, 5),
(69, '2019-09-02 20:20:55', 'inativo', 3, 6),
(70, '2019-09-02 20:20:55', 'inativo', 3, 7),
(71, '2019-09-02 20:20:55', 'inativo', 3, 1),
(72, '2019-09-02 20:20:55', 'ativo', 3, 2),
(73, '2019-09-02 20:20:55', 'ativo', 2, 3),
(74, '2019-09-02 20:20:55', 'ativo', 2, 4),
(75, '2019-09-02 20:20:55', 'ativo', 2, 5),
(76, '2019-09-02 20:20:55', 'ativo', 2, 6),
(77, '2019-09-02 20:20:55', 'ativo', 2, 7),
(78, '2019-09-02 20:20:55', 'ativo', 2, 1),
(79, '2019-09-02 20:20:55', 'ativo', 2, 2),
(80, '2019-09-02 20:20:55', 'ativo', 2, 3),
(81, '2019-09-02 20:20:55', 'ativo', 2, 4),
(82, '2019-09-02 20:20:55', 'ativo', 1, 5),
(83, '2019-09-02 20:20:55', 'ativo', 1, 6),
(84, '2019-09-02 20:20:55', 'ativo', 1, 7),
(85, '2019-09-02 20:20:55', 'ativo', 1, 1),
(86, '2019-09-02 20:20:55', 'ativo', 1, 2),
(87, '2019-09-02 20:20:55', 'ativo', 1, 3),
(88, '2019-09-02 20:20:55', 'inativo', 1, 4),
(89, '2019-09-02 20:20:56', 'inativo', 1, 5),
(90, '2019-09-02 20:20:56', 'inativo', 1, 6),
(91, '2019-09-02 20:20:56', 'inativo', 1, 7),
(92, '2019-09-02 20:20:56', 'inativo', 3, 1),
(93, '2019-09-02 20:20:56', 'inativo', 3, 2),
(94, '2019-09-02 20:20:56', 'inativo', 3, 3),
(95, '2019-09-02 20:20:56', 'ativo', 3, 4),
(96, '2019-09-02 20:20:56', 'ativo', 3, 5),
(97, '2019-09-02 20:20:56', 'ativo', 3, 6),
(98, '2019-09-02 20:20:56', 'ativo', 3, 7),
(99, '2019-09-02 20:20:56', 'ativo', 3, 1),
(100, '2019-09-02 20:20:56', 'ativo', 3, 2),
(101, '2019-09-02 20:20:56', 'ativo', 3, 3),
(102, '2019-09-02 20:20:56', 'ativo', 3, 4),
(103, '2019-09-02 20:20:56', 'ativo', 3, 5),
(104, '2019-09-02 20:20:56', 'ativo', 3, 6),
(105, '2019-09-02 20:20:56', 'ativo', 3, 7),
(106, '2019-09-02 20:20:56', 'ativo', 3, 1),
(107, '2019-09-02 20:20:56', 'ativo', 3, 2),
(108, '2019-09-02 20:20:56', 'ativo', 3, 3),
(109, '2019-09-02 20:20:56', 'ativo', 2, 4),
(110, '2019-09-02 20:20:56', 'ativo', 2, 5),
(111, '2019-09-02 20:20:56', 'inativo', 2, 6),
(112, '2019-09-02 20:20:56', 'inativo', 2, 7),
(113, '2019-09-02 20:20:56', 'inativo', 2, 1),
(114, '2019-09-02 20:20:56', 'inativo', 2, 2),
(115, '2019-09-02 20:20:56', 'inativo', 2, 3),
(116, '2019-09-02 20:20:56', 'inativo', 2, 4),
(117, '2019-09-02 20:20:56', 'inativo', 2, 5),
(118, '2019-09-02 20:20:56', 'ativo', 1, 6),
(119, '2019-09-02 20:20:57', 'ativo', 1, 7),
(120, '2019-09-02 20:20:57', 'ativo', 1, 1),
(121, '2019-09-02 20:20:57', 'ativo', 1, 2),
(122, '2019-09-02 20:20:57', 'ativo', 1, 3),
(123, '2019-09-02 20:20:57', 'ativo', 1, 4),
(124, '2019-09-02 20:20:57', 'ativo', 1, 5),
(125, '2019-09-02 20:20:57', 'ativo', 1, 6),
(126, '2019-09-02 20:20:57', 'ativo', 1, 7),
(127, '2019-09-02 20:20:57', 'ativo', 1, 1),
(128, '2019-09-02 20:20:57', 'ativo', 3, 2),
(129, '2019-09-02 20:20:57', 'ativo', 3, 3),
(130, '2019-09-02 20:20:57', 'ativo', 3, 4),
(131, '2019-09-02 20:20:57', 'ativo', 3, 5),
(132, '2019-09-02 20:20:57', 'ativo', 3, 6),
(133, '2019-09-02 20:20:57', 'ativo', 3, 7),
(134, '2019-09-02 20:20:57', 'inativo', 3, 1),
(135, '2019-09-02 20:20:57', 'inativo', 3, 2),
(136, '2019-09-02 20:20:57', 'inativo', 3, 3),
(137, '2019-09-02 20:20:57', 'inativo', 3, 4),
(138, '2019-09-02 20:20:57', 'inativo', 3, 5),
(139, '2019-09-02 20:20:57', 'inativo', 3, 6),
(140, '2019-09-02 20:20:57', 'inativo', 3, 7),
(141, '2019-09-02 20:20:57', 'ativo', 3, 1),
(142, '2019-09-02 20:20:57', 'ativo', 3, 2),
(143, '2019-09-02 20:20:57', 'ativo', 3, 3),
(144, '2019-09-02 20:20:57', 'ativo', 3, 4),
(145, '2019-09-02 20:20:57', 'ativo', 2, 5),
(146, '2019-09-02 20:20:57', 'ativo', 2, 6),
(147, '2019-09-02 20:20:57', 'ativo', 2, 7),
(148, '2019-09-02 20:20:57', 'ativo', 2, 1),
(149, '2019-09-02 20:20:58', 'ativo', 2, 2),
(150, '2019-09-02 20:20:58', 'ativo', 2, 3),
(151, '2019-09-02 20:20:58', 'ativo', 2, 4),
(152, '2019-09-02 20:20:58', 'ativo', 2, 5),
(153, '2019-09-02 20:20:58', 'ativo', 2, 6),
(154, '2019-09-02 20:20:58', 'ativo', 1, 7),
(155, '2019-09-02 20:20:58', 'ativo', 1, 1),
(156, '2019-09-02 20:20:58', 'ativo', 1, 2),
(157, '2019-09-02 20:20:58', 'inativo', 1, 3),
(158, '2019-09-02 20:20:58', 'inativo', 1, 4),
(159, '2019-09-02 20:20:58', 'inativo', 1, 5),
(160, '2019-09-02 20:20:58', 'inativo', 1, 6),
(161, '2019-09-02 20:20:58', 'inativo', 1, 7),
(162, '2019-09-02 20:20:58', 'inativo', 1, 1),
(163, '2019-09-02 20:20:58', 'inativo', 1, 2),
(164, '2019-09-02 20:20:58', 'ativo', 3, 3),
(165, '2019-09-02 20:20:58', 'ativo', 3, 4),
(166, '2019-09-02 20:20:58', 'ativo', 3, 5),
(167, '2019-09-02 20:20:58', 'ativo', 3, 6),
(168, '2019-09-02 20:20:58', 'ativo', 3, 7),
(169, '2019-09-02 20:20:58', 'ativo', 3, 1),
(170, '2019-09-02 20:20:58', 'ativo', 3, 2),
(171, '2019-09-02 20:20:58', 'ativo', 3, 3),
(172, '2019-09-02 20:20:58', 'ativo', 3, 4),
(173, '2019-09-02 20:20:58', 'ativo', 3, 5),
(174, '2019-09-02 20:20:58', 'ativo', 3, 6),
(175, '2019-09-02 20:20:58', 'ativo', 3, 7),
(176, '2019-09-02 20:20:58', 'ativo', 3, 1),
(177, '2019-09-02 20:20:58', 'ativo', 3, 2),
(178, '2019-09-02 20:20:58', 'ativo', 3, 3),
(179, '2019-09-02 20:20:58', 'ativo', 3, 4),
(180, '2019-09-02 20:20:58', 'inativo', 3, 5),
(181, '2019-09-02 20:20:58', 'inativo', 2, 6),
(182, '2019-09-02 20:20:58', 'inativo', 2, 7),
(183, '2019-09-02 20:20:59', 'inativo', 2, 1),
(184, '2019-09-02 20:20:59', 'inativo', 2, 2),
(185, '2019-09-02 20:20:59', 'inativo', 2, 3),
(186, '2019-09-02 20:20:59', 'inativo', 2, 4),
(187, '2019-09-02 20:20:59', 'ativo', 2, 5),
(188, '2019-09-02 20:20:59', 'ativo', 2, 6),
(189, '2019-09-02 20:20:59', 'ativo', 2, 7),
(190, '2019-09-02 20:20:59', 'ativo', 1, 1),
(191, '2019-09-02 20:20:59', 'ativo', 1, 2),
(192, '2019-09-02 20:20:59', 'ativo', 1, 3),
(193, '2019-09-02 20:20:59', 'ativo', 1, 4),
(194, '2019-09-02 20:20:59', 'ativo', 1, 5),
(195, '2019-09-02 20:20:59', 'ativo', 1, 6),
(196, '2019-09-02 20:20:59', 'ativo', 1, 7),
(197, '2019-09-02 20:20:59', 'ativo', 1, 1),
(198, '2019-09-02 20:20:59', 'ativo', 1, 2),
(199, '2019-09-02 20:20:59', 'ativo', 1, 3),
(200, '2019-09-02 20:20:59', 'ativo', 3, 4),
(201, '2019-09-02 20:20:59', 'ativo', 3, 5),
(202, '2019-09-02 20:20:59', 'ativo', 3, 6),
(203, '2019-09-02 20:20:59', 'inativo', 3, 7),
(204, '2019-09-02 20:20:59', 'inativo', 3, 1),
(205, '2019-09-02 20:20:59', 'inativo', 3, 2),
(206, '2019-09-02 20:20:59', 'inativo', 3, 3),
(207, '2019-09-02 20:20:59', 'inativo', 3, 4),
(208, '2019-09-02 20:20:59', 'inativo', 3, 5),
(209, '2019-09-02 20:20:59', 'inativo', 3, 6),
(210, '2019-09-02 20:20:59', 'ativo', 3, 7),
(211, '2019-09-02 20:20:59', 'ativo', 3, 1),
(212, '2019-09-02 20:20:59', 'ativo', 3, 2),
(213, '2019-09-02 20:20:59', 'ativo', 3, 3),
(214, '2019-09-02 20:20:59', 'ativo', 3, 4),
(215, '2019-09-02 20:20:59', 'ativo', 3, 5),
(216, '2019-09-02 20:20:59', 'ativo', 3, 6),
(217, '2019-09-02 20:21:00', 'ativo', 2, 7),
(218, '2019-09-02 20:21:00', 'ativo', 2, 1),
(219, '2019-09-02 20:21:00', 'ativo', 2, 2),
(220, '2019-09-02 20:21:00', 'ativo', 2, 3),
(221, '2019-09-02 20:21:00', 'ativo', 2, 4),
(222, '2019-09-02 20:21:00', 'ativo', 2, 5),
(223, '2019-09-02 20:21:00', 'ativo', 2, 6),
(224, '2019-09-02 20:21:00', 'ativo', 2, 7),
(225, '2019-09-02 20:21:00', 'ativo', 2, 1),
(226, '2019-09-02 20:21:00', 'inativo', 1, 2),
(227, '2019-09-02 20:21:00', 'inativo', 1, 3),
(228, '2019-09-02 20:21:00', 'inativo', 1, 4),
(229, '2019-09-02 20:21:00', 'inativo', 1, 5),
(230, '2019-09-02 20:21:00', 'inativo', 1, 6),
(231, '2019-09-02 20:21:00', 'inativo', 1, 7),
(232, '2019-09-02 20:21:00', 'inativo', 1, 1),
(233, '2019-09-02 20:21:00', 'ativo', 1, 2),
(234, '2019-09-02 20:21:00', 'ativo', 1, 3),
(235, '2019-09-02 20:21:00', 'ativo', 1, 4),
(236, '2019-09-02 20:21:00', 'ativo', 3, 5),
(237, '2019-09-02 20:21:00', 'ativo', 3, 6),
(238, '2019-09-02 20:21:00', 'ativo', 3, 7),
(239, '2019-09-02 20:21:00', 'ativo', 3, 1),
(240, '2019-09-02 20:21:00', 'ativo', 3, 2),
(241, '2019-09-02 20:21:00', 'ativo', 3, 3),
(242, '2019-09-02 20:21:00', 'ativo', 3, 4),
(243, '2019-09-02 20:21:00', 'ativo', 3, 5),
(244, '2019-09-02 20:21:00', 'ativo', 3, 6),
(245, '2019-09-02 20:21:00', 'ativo', 3, 7),
(246, '2019-09-02 20:21:00', 'ativo', 3, 1),
(247, '2019-09-02 20:21:00', 'ativo', 3, 2),
(248, '2019-09-02 20:21:00', 'ativo', 3, 3),
(249, '2019-09-02 20:21:00', 'inativo', 3, 4),
(250, '2019-09-02 20:21:00', 'inativo', 3, 5),
(251, '2019-09-02 20:21:00', 'inativo', 3, 6),
(252, '2019-09-02 20:21:01', 'inativo', 3, 7),
(253, '2019-09-02 20:21:01', 'inativo', 2, 1),
(254, '2019-09-02 20:21:01', 'inativo', 2, 2),
(255, '2019-09-02 20:21:01', 'inativo', 2, 3),
(256, '2019-09-02 20:21:01', 'ativo', 2, 4),
(257, '2019-09-02 20:21:01', 'ativo', 2, 5),
(258, '2019-09-02 20:21:01', 'ativo', 2, 6),
(259, '2019-09-02 20:21:01', 'ativo', 2, 7),
(260, '2019-09-02 20:21:01', 'ativo', 2, 1),
(261, '2019-09-02 20:21:01', 'ativo', 2, 2),
(262, '2019-09-02 20:21:01', 'ativo', 1, 3),
(263, '2019-09-02 20:21:01', 'ativo', 1, 4),
(264, '2019-09-02 20:21:01', 'ativo', 1, 5),
(265, '2019-09-02 20:21:01', 'ativo', 1, 6),
(266, '2019-09-02 20:21:01', 'ativo', 1, 7),
(267, '2019-09-02 20:21:01', 'ativo', 1, 1),
(268, '2019-09-02 20:21:01', 'ativo', 1, 2),
(269, '2019-09-02 20:21:01', 'ativo', 1, 3),
(270, '2019-09-02 20:21:01', 'ativo', 1, 4),
(271, '2019-09-02 20:21:01', 'ativo', 1, 5),
(272, '2019-09-02 20:21:01', 'inativo', 3, 6),
(273, '2019-09-02 20:21:01', 'inativo', 3, 7),
(274, '2019-09-02 20:21:01', 'inativo', 3, 1),
(275, '2019-09-02 20:21:01', 'inativo', 3, 2),
(276, '2019-09-02 20:21:01', 'inativo', 3, 3),
(277, '2019-09-02 20:21:01', 'inativo', 3, 4),
(278, '2019-09-02 20:21:01', 'inativo', 3, 5),
(279, '2019-09-02 20:21:01', 'ativo', 3, 6),
(280, '2019-09-02 20:21:01', 'ativo', 3, 7),
(281, '2019-09-02 20:21:01', 'ativo', 3, 1),
(282, '2019-09-02 20:21:01', 'ativo', 3, 2),
(283, '2019-09-02 20:21:01', 'ativo', 3, 3),
(284, '2019-09-02 20:21:01', 'ativo', 3, 4),
(285, '2019-09-02 20:21:02', 'ativo', 3, 5),
(286, '2019-09-02 20:21:02', 'ativo', 3, 6),
(287, '2019-09-02 20:21:02', 'ativo', 3, 7),
(288, '2019-09-02 20:21:02', 'ativo', 3, 1),
(289, '2019-09-02 20:21:02', 'ativo', 2, 2),
(290, '2019-09-02 20:21:02', 'ativo', 2, 3),
(291, '2019-09-02 20:21:02', 'ativo', 2, 4),
(292, '2019-09-02 20:21:02', 'ativo', 2, 5),
(293, '2019-09-02 20:21:02', 'ativo', 2, 6),
(294, '2019-09-02 20:21:02', 'ativo', 2, 7),
(295, '2019-09-02 20:21:02', 'inativo', 2, 1),
(296, '2019-09-02 20:21:02', 'inativo', 2, 2),
(297, '2019-09-02 20:21:02', 'inativo', 2, 3),
(298, '2019-09-02 20:21:02', 'inativo', 1, 4),
(299, '2019-09-02 20:21:02', 'inativo', 1, 5),
(300, '2019-09-02 20:21:02', 'inativo', 1, 6),
(301, '2019-09-02 20:21:02', 'inativo', 1, 7),
(302, '2019-09-02 20:21:02', 'ativo', 1, 1),
(303, '2019-09-02 20:21:02', 'ativo', 1, 2),
(304, '2019-09-02 20:21:02', 'ativo', 1, 3),
(305, '2019-09-02 20:21:02', 'ativo', 1, 4),
(306, '2019-09-02 20:21:02', 'ativo', 1, 5),
(307, '2019-09-02 20:21:02', 'ativo', 1, 6),
(308, '2019-09-02 20:21:02', 'ativo', 3, 7),
(309, '2019-09-02 20:21:02', 'ativo', 3, 1),
(310, '2019-09-02 20:21:02', 'ativo', 3, 2),
(311, '2019-09-02 20:21:02', 'ativo', 3, 3),
(312, '2019-09-02 20:21:02', 'ativo', 3, 4),
(313, '2019-09-02 20:21:02', 'ativo', 3, 5),
(314, '2019-09-02 20:21:02', 'ativo', 3, 6),
(315, '2019-09-02 20:21:02', 'ativo', 3, 7),
(316, '2019-09-02 20:21:02', 'ativo', 3, 1),
(317, '2019-09-02 20:21:02', 'ativo', 3, 2),
(318, '2019-09-02 20:21:03', 'inativo', 3, 3),
(319, '2019-09-02 20:21:03', 'inativo', 3, 4),
(320, '2019-09-02 20:21:03', 'inativo', 3, 5),
(321, '2019-09-02 20:21:03', 'inativo', 3, 6),
(322, '2019-09-02 20:21:03', 'inativo', 3, 7),
(323, '2019-09-02 20:21:03', 'inativo', 3, 1),
(324, '2019-09-02 20:21:03', 'inativo', 3, 2),
(325, '2019-09-02 20:21:03', 'ativo', 2, 3),
(326, '2019-09-02 20:21:03', 'ativo', 2, 4),
(327, '2019-09-02 20:21:03', 'ativo', 2, 5),
(328, '2019-09-02 20:21:03', 'ativo', 2, 6),
(329, '2019-09-02 20:21:03', 'ativo', 2, 7),
(330, '2019-09-02 20:21:03', 'ativo', 2, 1),
(331, '2019-09-02 20:21:03', 'ativo', 2, 2),
(332, '2019-09-02 20:21:03', 'ativo', 2, 3),
(333, '2019-09-02 20:21:03', 'ativo', 2, 4),
(334, '2019-09-02 20:21:03', 'ativo', 1, 5),
(335, '2019-09-02 20:21:03', 'ativo', 1, 6),
(336, '2019-09-02 20:21:03', 'ativo', 1, 7),
(337, '2019-09-02 20:21:03', 'ativo', 1, 1),
(338, '2019-09-02 20:21:03', 'ativo', 1, 2),
(339, '2019-09-02 20:21:03', 'ativo', 1, 3),
(340, '2019-09-02 20:21:03', 'ativo', 1, 4),
(341, '2019-09-02 20:21:03', 'inativo', 1, 5),
(342, '2019-09-02 20:21:03', 'inativo', 1, 6),
(343, '2019-09-02 20:21:03', 'inativo', 1, 7),
(344, '2019-09-02 20:21:03', 'inativo', 3, 1),
(345, '2019-09-02 20:21:03', 'inativo', 3, 2),
(346, '2019-09-02 20:21:03', 'inativo', 3, 3),
(347, '2019-09-02 20:21:04', 'inativo', 3, 4),
(348, '2019-09-02 20:21:04', 'ativo', 3, 5),
(349, '2019-09-02 20:21:04', 'ativo', 3, 6),
(350, '2019-09-02 20:21:04', 'ativo', 3, 7),
(351, '2019-09-02 20:21:04', 'ativo', 3, 1),
(352, '2019-09-02 20:21:04', 'ativo', 3, 2),
(353, '2019-09-02 20:21:04', 'ativo', 3, 3),
(354, '2019-09-02 20:21:04', 'ativo', 3, 4),
(355, '2019-09-02 20:21:04', 'ativo', 3, 5),
(356, '2019-09-02 20:21:04', 'ativo', 3, 6),
(357, '2019-09-02 20:21:04', 'ativo', 3, 7),
(358, '2019-09-02 20:21:04', 'ativo', 3, 1),
(359, '2019-09-02 20:21:04', 'ativo', 3, 2),
(360, '2019-09-02 20:21:04', 'ativo', 3, 3),
(361, '2019-09-02 20:21:04', 'ativo', 2, 4),
(362, '2019-09-02 20:21:04', 'ativo', 2, 5),
(363, '2019-09-02 20:21:04', 'ativo', 2, 6),
(364, '2019-09-02 20:21:04', 'inativo', 2, 7),
(365, '2019-09-02 20:21:04', 'inativo', 2, 1),
(366, '2019-09-02 20:21:04', 'inativo', 2, 2),
(367, '2019-09-02 20:21:04', 'inativo', 2, 3),
(368, '2019-09-02 20:21:04', 'inativo', 2, 4),
(369, '2019-09-02 20:21:04', 'inativo', 2, 5),
(370, '2019-09-02 20:21:04', 'inativo', 1, 6),
(371, '2019-09-02 20:21:04', 'ativo', 1, 7),
(372, '2019-09-02 20:21:04', 'ativo', 1, 1),
(373, '2019-09-02 20:21:04', 'ativo', 1, 2),
(374, '2019-09-02 20:21:04', 'ativo', 1, 3),
(375, '2019-09-02 20:21:04', 'ativo', 1, 4),
(376, '2019-09-02 20:21:04', 'ativo', 1, 5),
(377, '2019-09-02 20:21:04', 'ativo', 1, 6),
(378, '2019-09-02 20:21:04', 'ativo', 1, 7),
(379, '2019-09-02 20:21:04', 'ativo', 1, 1),
(380, '2019-09-02 20:21:05', 'ativo', 3, 2),
(381, '2019-09-02 20:21:05', 'ativo', 3, 3),
(382, '2019-09-02 20:21:05', 'ativo', 3, 4),
(383, '2019-09-02 20:21:05', 'ativo', 3, 5),
(384, '2019-09-02 20:21:05', 'ativo', 3, 6),
(385, '2019-09-02 20:21:05', 'ativo', 3, 7),
(386, '2019-09-02 20:21:05', 'ativo', 3, 1),
(387, '2019-09-02 20:21:05', 'inativo', 3, 2),
(388, '2019-09-02 20:21:05', 'inativo', 3, 3),
(389, '2019-09-02 20:21:05', 'inativo', 3, 4),
(390, '2019-09-02 20:21:05', 'inativo', 3, 5),
(391, '2019-09-02 20:21:05', 'inativo', 3, 6),
(392, '2019-09-02 20:21:05', 'inativo', 3, 7),
(393, '2019-09-02 20:21:05', 'inativo', 3, 1),
(394, '2019-09-02 20:21:05', 'ativo', 3, 2),
(395, '2019-09-02 20:21:05', 'ativo', 3, 3),
(396, '2019-09-02 20:21:05', 'ativo', 3, 4),
(397, '2019-09-02 20:21:05', 'ativo', 2, 5),
(398, '2019-09-02 20:21:05', 'ativo', 2, 6),
(399, '2019-09-02 20:21:05', 'ativo', 2, 7),
(400, '2019-09-02 20:21:05', 'ativo', 2, 1),
(401, '2019-09-02 20:21:05', 'ativo', 2, 2),
(402, '2019-09-02 20:21:05', 'ativo', 2, 3),
(403, '2019-09-02 20:21:05', 'ativo', 2, 4),
(404, '2019-09-02 20:21:05', 'ativo', 2, 5),
(405, '2019-09-02 20:21:05', 'ativo', 2, 6),
(406, '2019-09-02 20:21:05', 'ativo', 1, 7),
(407, '2019-09-02 20:21:05', 'ativo', 1, 1),
(408, '2019-09-02 20:21:05', 'ativo', 1, 2),
(409, '2019-09-02 20:21:05', 'ativo', 1, 3),
(410, '2019-09-02 20:21:05', 'inativo', 1, 4),
(411, '2019-09-02 20:21:05', 'inativo', 1, 5),
(412, '2019-09-02 20:21:05', 'inativo', 1, 6),
(413, '2019-09-02 20:21:06', 'inativo', 1, 7),
(414, '2019-09-02 20:21:06', 'inativo', 1, 1),
(415, '2019-09-02 20:21:06', 'inativo', 1, 2),
(416, '2019-09-02 20:21:06', 'inativo', 3, 3),
(417, '2019-09-02 20:21:06', 'ativo', 3, 4),
(418, '2019-09-02 20:21:06', 'ativo', 3, 5),
(419, '2019-09-02 20:21:06', 'ativo', 3, 6),
(420, '2019-09-02 20:21:06', 'ativo', 3, 7),
(421, '2019-09-02 20:21:06', 'ativo', 3, 1),
(422, '2019-09-02 20:21:06', 'ativo', 3, 2),
(423, '2019-09-02 20:21:06', 'ativo', 3, 3),
(424, '2019-09-02 20:21:06', 'ativo', 3, 4),
(425, '2019-09-02 20:21:06', 'ativo', 3, 5),
(426, '2019-09-02 20:21:06', 'ativo', 3, 6),
(427, '2019-09-02 20:21:06', 'ativo', 3, 7),
(428, '2019-09-02 20:21:06', 'ativo', 3, 1),
(429, '2019-09-02 20:21:06', 'ativo', 3, 2),
(430, '2019-09-02 20:21:06', 'ativo', 3, 3),
(431, '2019-09-02 20:21:06', 'ativo', 3, 4),
(432, '2019-09-02 20:21:06', 'ativo', 3, 5),
(433, '2019-09-02 20:21:06', 'inativo', 2, 6),
(434, '2019-09-02 20:21:06', 'inativo', 2, 7),
(435, '2019-09-02 20:21:06', 'inativo', 2, 1),
(436, '2019-09-02 20:21:06', 'inativo', 2, 2),
(437, '2019-09-02 20:21:06', 'inativo', 2, 3),
(438, '2019-09-02 20:21:06', 'inativo', 2, 4),
(439, '2019-09-02 20:21:06', 'inativo', 2, 5),
(440, '2019-09-02 20:21:06', 'ativo', 2, 6),
(441, '2019-09-02 20:21:06', 'ativo', 2, 7),
(442, '2019-09-02 20:21:06', 'ativo', 1, 1),
(443, '2019-09-02 20:21:06', 'ativo', 1, 2),
(444, '2019-09-02 20:21:07', 'ativo', 1, 3),
(445, '2019-09-02 20:21:07', 'ativo', 1, 4),
(446, '2019-09-02 20:21:07', 'ativo', 1, 5),
(447, '2019-09-02 20:21:07', 'ativo', 1, 6),
(448, '2019-09-02 20:21:07', 'ativo', 1, 7),
(449, '2019-09-02 20:21:07', 'ativo', 1, 1),
(450, '2019-09-02 20:21:07', 'ativo', 1, 2),
(451, '2019-09-02 20:21:07', 'ativo', 1, 3),
(452, '2019-09-02 20:21:07', 'ativo', 3, 4),
(453, '2019-09-02 20:21:07', 'ativo', 3, 5),
(454, '2019-09-02 20:21:07', 'ativo', 3, 6),
(455, '2019-09-02 20:21:07', 'ativo', 3, 7),
(456, '2019-09-02 20:21:07', 'inativo', 3, 1),
(457, '2019-09-02 20:21:07', 'inativo', 3, 2),
(458, '2019-09-02 20:21:07', 'inativo', 3, 3),
(459, '2019-09-02 20:21:07', 'inativo', 3, 4),
(460, '2019-09-02 20:21:07', 'inativo', 3, 5),
(461, '2019-09-02 20:21:07', 'inativo', 3, 6),
(462, '2019-09-02 20:21:07', 'inativo', 3, 7),
(463, '2019-09-02 20:21:07', 'ativo', 3, 1),
(464, '2019-09-02 20:21:07', 'ativo', 3, 2),
(465, '2019-09-02 20:21:07', 'ativo', 3, 3),
(466, '2019-09-02 20:21:07', 'ativo', 3, 4),
(467, '2019-09-02 20:21:07', 'ativo', 3, 5),
(468, '2019-09-02 20:21:07', 'ativo', 3, 6),
(469, '2019-09-02 20:21:07', 'ativo', 2, 7),
(470, '2019-09-02 20:21:07', 'ativo', 2, 1),
(471, '2019-09-02 20:21:07', 'ativo', 2, 2),
(472, '2019-09-02 20:21:07', 'ativo', 2, 3),
(473, '2019-09-02 20:21:07', 'ativo', 2, 4),
(474, '2019-09-02 20:21:08', 'ativo', 2, 5),
(475, '2019-09-02 20:21:08', 'ativo', 2, 6),
(476, '2019-09-02 20:21:08', 'ativo', 2, 7),
(477, '2019-09-02 20:21:08', 'ativo', 2, 1),
(478, '2019-09-02 20:21:08', 'ativo', 1, 2),
(479, '2019-09-02 20:21:08', 'inativo', 1, 3),
(480, '2019-09-02 20:21:08', 'inativo', 1, 4),
(481, '2019-09-02 20:21:08', 'inativo', 1, 5),
(482, '2019-09-02 20:21:08', 'inativo', 1, 6),
(483, '2019-09-02 20:21:08', 'inativo', 1, 7),
(484, '2019-09-02 20:21:08', 'inativo', 1, 1),
(485, '2019-09-02 20:21:08', 'inativo', 1, 2),
(486, '2019-09-02 20:21:08', 'ativo', 1, 3),
(487, '2019-09-02 20:21:08', 'ativo', 1, 4),
(488, '2019-09-02 20:21:08', 'ativo', 3, 5),
(489, '2019-09-02 20:21:08', 'ativo', 3, 6),
(490, '2019-09-02 20:21:08', 'ativo', 3, 7),
(491, '2019-09-02 20:21:08', 'ativo', 3, 1),
(492, '2019-09-02 20:21:08', 'ativo', 3, 2),
(493, '2019-09-02 20:21:08', 'ativo', 3, 3),
(494, '2019-09-02 20:21:08', 'ativo', 3, 4),
(495, '2019-09-02 20:21:08', 'ativo', 3, 5),
(496, '2019-09-02 20:21:08', 'ativo', 3, 6),
(497, '2019-09-02 20:21:08', 'ativo', 3, 7),
(498, '2019-09-02 20:21:08', 'ativo', 3, 1),
(499, '2019-09-02 20:21:08', 'ativo', 3, 2),
(500, '2019-09-02 20:21:08', 'ativo', 3, 3),
(501, '2019-09-02 20:21:08', 'ativo', 3, 4),
(502, '2019-09-02 20:21:08', 'inativo', 3, 5),
(503, '2019-09-02 20:21:08', 'inativo', 3, 6),
(504, '2019-09-02 20:21:09', 'inativo', 3, 7),
(505, '2019-09-02 20:21:09', 'inativo', 2, 1),
(506, '2019-09-02 20:21:09', 'inativo', 2, 2),
(507, '2019-09-02 20:21:09', 'inativo', 2, 3),
(508, '2019-09-02 20:21:09', 'inativo', 2, 4),
(509, '2019-09-02 20:21:09', 'ativo', 2, 5),
(510, '2019-09-02 20:21:09', 'ativo', 2, 6),
(511, '2019-09-02 20:21:09', 'ativo', 2, 7),
(512, '2019-09-02 20:21:09', 'ativo', 2, 1),
(513, '2019-09-02 20:21:09', 'ativo', 2, 2),
(514, '2019-09-02 20:21:09', 'ativo', 1, 3),
(515, '2019-09-02 20:21:09', 'ativo', 1, 4),
(516, '2019-09-02 20:21:09', 'ativo', 1, 5),
(517, '2019-09-02 20:21:09', 'ativo', 1, 6),
(518, '2019-09-02 20:21:09', 'ativo', 1, 7),
(519, '2019-09-02 20:21:09', 'ativo', 1, 1),
(520, '2019-09-02 20:21:09', 'ativo', 1, 2),
(521, '2019-09-02 20:21:09', 'ativo', 1, 3),
(522, '2019-09-02 20:21:09', 'ativo', 1, 4),
(523, '2019-09-02 20:21:09', 'ativo', 1, 5),
(524, '2019-09-02 20:21:09', 'ativo', 3, 6),
(525, '2019-09-02 20:21:09', 'inativo', 3, 7),
(526, '2019-09-02 20:21:09', 'inativo', 3, 1),
(527, '2019-09-02 20:21:09', 'inativo', 3, 2),
(528, '2019-09-02 20:21:09', 'inativo', 3, 3),
(529, '2019-09-02 20:21:09', 'inativo', 3, 4),
(530, '2019-09-02 20:21:09', 'inativo', 3, 5),
(531, '2019-09-02 20:21:10', 'inativo', 3, 6),
(532, '2019-09-02 20:21:10', 'ativo', 3, 7),
(533, '2019-09-02 20:21:10', 'ativo', 3, 1),
(534, '2019-09-02 20:21:10', 'ativo', 3, 2),
(535, '2019-09-02 20:21:10', 'ativo', 3, 3),
(536, '2019-09-02 20:21:10', 'ativo', 3, 4),
(537, '2019-09-02 20:21:10', 'ativo', 3, 5),
(538, '2019-09-02 20:21:10', 'ativo', 3, 6),
(539, '2019-09-02 20:21:10', 'ativo', 3, 7),
(540, '2019-09-02 20:21:10', 'ativo', 3, 1),
(541, '2019-09-02 20:21:10', 'ativo', 2, 2),
(542, '2019-09-02 20:21:10', 'ativo', 2, 3),
(543, '2019-09-02 20:21:10', 'ativo', 2, 4),
(544, '2019-09-02 20:21:10', 'ativo', 2, 5),
(545, '2019-09-02 20:21:10', 'ativo', 2, 6),
(546, '2019-09-02 20:21:10', 'ativo', 2, 7),
(547, '2019-09-02 20:21:10', 'ativo', 2, 1),
(548, '2019-09-02 20:21:10', 'inativo', 2, 2),
(549, '2019-09-02 20:21:10', 'inativo', 2, 3),
(550, '2019-09-02 20:21:10', 'inativo', 1, 4),
(551, '2019-09-02 20:21:10', 'inativo', 1, 5),
(552, '2019-09-02 20:21:10', 'inativo', 1, 6),
(553, '2019-09-02 20:21:10', 'inativo', 1, 7),
(554, '2019-09-02 20:21:10', 'inativo', 1, 1),
(555, '2019-09-02 20:21:10', 'ativo', 1, 2),
(556, '2019-09-02 20:21:10', 'ativo', 1, 3),
(557, '2019-09-02 20:21:10', 'ativo', 1, 4),
(558, '2019-09-02 20:21:10', 'ativo', 1, 5),
(559, '2019-09-02 20:21:10', 'ativo', 1, 6),
(560, '2019-09-02 20:21:10', 'ativo', 3, 7),
(561, '2019-09-02 20:21:10', 'ativo', 3, 1),
(562, '2019-09-02 20:21:11', 'ativo', 3, 2),
(563, '2019-09-02 20:21:11', 'ativo', 3, 3),
(564, '2019-09-02 20:21:11', 'ativo', 3, 4),
(565, '2019-09-02 20:21:11', 'ativo', 3, 5),
(566, '2019-09-02 20:21:11', 'ativo', 3, 6),
(567, '2019-09-02 20:21:11', 'ativo', 3, 7),
(568, '2019-09-02 20:21:11', 'ativo', 3, 1),
(569, '2019-09-02 20:21:11', 'ativo', 3, 2),
(570, '2019-09-02 20:21:11', 'ativo', 3, 3),
(571, '2019-09-02 20:21:11', 'inativo', 3, 4),
(572, '2019-09-02 20:21:11', 'inativo', 3, 5),
(573, '2019-09-02 20:21:11', 'inativo', 3, 6),
(574, '2019-09-02 20:21:11', 'inativo', 3, 7),
(575, '2019-09-02 20:21:11', 'inativo', 3, 1),
(576, '2019-09-02 20:21:11', 'inativo', 3, 2),
(577, '2019-09-02 20:21:11', 'inativo', 2, 3),
(578, '2019-09-02 20:21:11', 'ativo', 2, 4),
(579, '2019-09-02 20:21:11', 'ativo', 2, 5),
(580, '2019-09-02 20:21:11', 'ativo', 2, 6),
(581, '2019-09-02 20:21:11', 'ativo', 2, 7),
(582, '2019-09-02 20:21:11', 'ativo', 2, 1),
(583, '2019-09-02 20:21:11', 'ativo', 2, 2),
(584, '2019-09-02 20:21:11', 'ativo', 2, 3),
(585, '2019-09-02 20:21:11', 'ativo', 2, 4),
(586, '2019-09-02 20:21:11', 'ativo', 1, 5),
(587, '2019-09-02 20:21:11', 'ativo', 1, 6),
(588, '2019-09-02 20:21:11', 'ativo', 1, 7),
(589, '2019-09-02 20:21:11', 'ativo', 1, 1),
(590, '2019-09-02 20:21:11', 'ativo', 1, 2),
(591, '2019-09-02 20:21:11', 'ativo', 1, 3),
(592, '2019-09-02 20:21:12', 'ativo', 1, 4),
(593, '2019-09-02 20:21:12', 'ativo', 1, 5),
(594, '2019-09-02 20:21:12', 'inativo', 1, 6),
(595, '2019-09-02 20:21:12', 'inativo', 1, 7),
(596, '2019-09-02 20:21:12', 'inativo', 3, 1),
(597, '2019-09-02 20:21:12', 'inativo', 3, 2),
(598, '2019-09-02 20:21:12', 'inativo', 3, 3),
(599, '2019-09-02 20:21:12', 'inativo', 3, 4),
(600, '2019-09-02 20:21:12', 'inativo', 3, 5),
(601, '2019-09-02 20:21:12', 'ativo', 3, 6),
(602, '2019-09-02 20:21:12', 'ativo', 3, 7),
(603, '2019-09-02 20:21:12', 'ativo', 3, 1),
(604, '2019-09-02 20:21:12', 'ativo', 3, 2),
(605, '2019-09-02 20:21:12', 'ativo', 3, 3),
(606, '2019-09-02 20:21:12', 'ativo', 3, 4),
(607, '2019-09-02 20:21:12', 'ativo', 3, 5),
(608, '2019-09-02 20:21:12', 'ativo', 3, 6),
(609, '2019-09-02 20:21:12', 'ativo', 3, 7),
(610, '2019-09-02 20:21:12', 'ativo', 3, 1),
(611, '2019-09-02 20:21:12', 'ativo', 3, 2),
(612, '2019-09-02 20:21:12', 'ativo', 3, 3),
(613, '2019-09-02 20:21:12', 'ativo', 2, 4),
(614, '2019-09-02 20:21:12', 'ativo', 2, 5),
(615, '2019-09-02 20:21:12', 'ativo', 2, 6),
(616, '2019-09-02 20:21:12', 'ativo', 2, 7),
(617, '2019-09-02 20:21:12', 'inativo', 2, 1),
(618, '2019-09-02 20:21:12', 'inativo', 2, 2),
(619, '2019-09-02 20:21:12', 'inativo', 2, 3),
(620, '2019-09-02 20:21:12', 'inativo', 2, 4),
(621, '2019-09-02 20:21:12', 'inativo', 2, 5),
(622, '2019-09-02 20:21:12', 'inativo', 1, 6),
(623, '2019-09-02 20:21:12', 'inativo', 1, 7),
(624, '2019-09-02 20:21:13', 'ativo', 1, 1),
(625, '2019-09-02 20:21:13', 'ativo', 1, 2),
(626, '2019-09-02 20:21:13', 'ativo', 1, 3),
(627, '2019-09-02 20:21:13', 'ativo', 1, 4),
(628, '2019-09-02 20:21:13', 'ativo', 1, 5),
(629, '2019-09-02 20:21:13', 'ativo', 1, 6),
(630, '2019-09-02 20:21:13', 'ativo', 1, 7),
(631, '2019-09-02 20:21:13', 'ativo', 1, 1),
(632, '2019-09-02 20:21:13', 'ativo', 3, 2),
(633, '2019-09-02 20:21:13', 'ativo', 3, 3),
(634, '2019-09-02 20:21:13', 'ativo', 3, 4),
(635, '2019-09-02 20:21:13', 'ativo', 3, 5),
(636, '2019-09-02 20:21:13', 'ativo', 3, 6),
(637, '2019-09-02 20:21:13', 'ativo', 3, 7),
(638, '2019-09-02 20:21:13', 'ativo', 3, 1),
(639, '2019-09-02 20:21:13', 'ativo', 3, 2),
(640, '2019-09-02 20:21:13', 'inativo', 3, 3),
(641, '2019-09-02 20:21:13', 'inativo', 3, 4),
(642, '2019-09-02 20:21:13', 'inativo', 3, 5),
(643, '2019-09-02 20:21:13', 'inativo', 3, 6),
(644, '2019-09-02 20:21:13', 'inativo', 3, 7),
(645, '2019-09-02 20:21:13', 'inativo', 3, 1),
(646, '2019-09-02 20:21:13', 'inativo', 3, 2),
(647, '2019-09-02 20:21:13', 'ativo', 3, 3),
(648, '2019-09-02 20:21:13', 'ativo', 3, 4),
(649, '2019-09-02 20:21:13', 'ativo', 2, 5),
(650, '2019-09-02 20:21:13', 'ativo', 2, 6),
(651, '2019-09-02 20:21:13', 'ativo', 2, 7),
(652, '2019-09-02 20:21:13', 'ativo', 2, 1),
(653, '2019-09-02 20:21:14', 'ativo', 2, 2),
(654, '2019-09-02 20:21:14', 'ativo', 2, 3),
(655, '2019-09-02 20:21:14', 'ativo', 2, 4),
(656, '2019-09-02 20:21:14', 'ativo', 2, 5),
(657, '2019-09-02 20:21:14', 'ativo', 2, 6),
(658, '2019-09-02 20:21:14', 'ativo', 1, 7),
(659, '2019-09-02 20:21:14', 'ativo', 1, 1),
(660, '2019-09-02 20:21:14', 'ativo', 1, 2),
(661, '2019-09-02 20:21:14', 'ativo', 1, 3),
(662, '2019-09-02 20:21:14', 'ativo', 1, 4),
(663, '2019-09-02 20:21:14', 'inativo', 1, 5),
(664, '2019-09-02 20:21:14', 'inativo', 1, 6),
(665, '2019-09-02 20:21:14', 'inativo', 1, 7),
(666, '2019-09-02 20:21:14', 'inativo', 1, 1),
(667, '2019-09-02 20:21:14', 'inativo', 1, 2),
(668, '2019-09-02 20:21:14', 'inativo', 3, 3),
(669, '2019-09-02 20:21:14', 'inativo', 3, 4),
(670, '2019-09-02 20:21:14', 'ativo', 3, 5),
(671, '2019-09-02 20:21:14', 'ativo', 3, 6),
(672, '2019-09-02 20:21:14', 'ativo', 3, 7),
(673, '2019-09-02 20:21:14', 'ativo', 3, 1),
(674, '2019-09-02 20:21:14', 'ativo', 3, 2),
(675, '2019-09-02 20:21:14', 'ativo', 3, 3),
(676, '2019-09-02 20:21:14', 'ativo', 3, 4),
(677, '2019-09-02 20:21:14', 'ativo', 3, 5),
(678, '2019-09-02 20:21:14', 'ativo', 3, 6),
(679, '2019-09-02 20:21:14', 'ativo', 3, 7),
(680, '2019-09-02 20:21:14', 'ativo', 3, 1),
(681, '2019-09-02 20:21:14', 'ativo', 3, 2),
(682, '2019-09-02 20:21:15', 'ativo', 3, 3),
(683, '2019-09-02 20:21:15', 'ativo', 3, 4),
(684, '2019-09-02 20:21:15', 'ativo', 3, 5),
(685, '2019-09-02 20:21:15', 'ativo', 2, 6),
(686, '2019-09-02 20:21:15', 'inativo', 2, 7),
(687, '2019-09-02 20:21:15', 'inativo', 2, 1),
(688, '2019-09-02 20:21:15', 'inativo', 2, 2),
(689, '2019-09-02 20:21:15', 'inativo', 2, 3),
(690, '2019-09-02 20:21:15', 'inativo', 2, 4),
(691, '2019-09-02 20:21:15', 'inativo', 2, 5),
(692, '2019-09-02 20:21:15', 'inativo', 2, 6),
(693, '2019-09-02 20:21:15', 'ativo', 2, 7),
(694, '2019-09-02 20:21:15', 'ativo', 1, 1),
(695, '2019-09-02 20:21:15', 'ativo', 1, 2),
(696, '2019-09-02 20:21:15', 'ativo', 1, 3),
(697, '2019-09-02 20:21:15', 'ativo', 1, 4),
(698, '2019-09-02 20:21:15', 'ativo', 1, 5),
(699, '2019-09-02 20:21:15', 'ativo', 1, 6),
(700, '2019-09-02 20:21:15', 'ativo', 1, 7),
(701, '2019-09-02 20:21:15', 'ativo', 1, 1),
(702, '2019-09-02 20:21:15', 'ativo', 1, 2),
(703, '2019-09-02 20:21:15', 'ativo', 1, 3),
(704, '2019-09-02 20:21:15', 'ativo', 3, 4),
(705, '2019-09-02 20:21:15', 'ativo', 3, 5),
(706, '2019-09-02 20:21:15', 'ativo', 3, 6),
(707, '2019-09-02 20:21:15', 'ativo', 3, 7),
(708, '2019-09-02 20:21:15', 'ativo', 3, 1),
(709, '2019-09-02 20:21:15', 'inativo', 3, 2),
(710, '2019-09-02 20:21:15', 'inativo', 3, 3),
(711, '2019-09-02 20:21:15', 'inativo', 3, 4),
(712, '2019-09-02 20:21:15', 'inativo', 3, 5),
(713, '2019-09-02 20:21:15', 'inativo', 3, 6),
(714, '2019-09-02 20:21:15', 'inativo', 3, 7),
(715, '2019-09-02 20:21:16', 'inativo', 3, 1),
(716, '2019-09-02 20:21:16', 'ativo', 3, 2),
(717, '2019-09-02 20:21:16', 'ativo', 3, 3),
(718, '2019-09-02 20:21:16', 'ativo', 3, 4),
(719, '2019-09-02 20:21:16', 'ativo', 3, 5),
(720, '2019-09-02 20:21:16', 'ativo', 3, 6),
(721, '2019-09-02 20:21:16', 'ativo', 2, 7),
(722, '2019-09-02 20:21:16', 'ativo', 2, 1),
(723, '2019-09-02 20:21:16', 'ativo', 2, 2),
(724, '2019-09-02 20:21:16', 'ativo', 2, 3),
(725, '2019-09-02 20:21:16', 'ativo', 2, 4),
(726, '2019-09-02 20:21:16', 'ativo', 2, 5),
(727, '2019-09-02 20:21:16', 'ativo', 2, 6),
(728, '2019-09-02 20:21:16', 'ativo', 2, 7),
(729, '2019-09-02 20:21:16', 'ativo', 2, 1),
(730, '2019-09-02 20:21:16', 'ativo', 1, 2),
(731, '2019-09-02 20:21:16', 'ativo', 1, 3),
(732, '2019-09-02 20:21:16', 'inativo', 1, 4),
(733, '2019-09-02 20:21:16', 'inativo', 1, 5),
(734, '2019-09-02 20:21:16', 'inativo', 1, 6),
(735, '2019-09-02 20:21:16', 'inativo', 1, 7),
(736, '2019-09-02 20:21:16', 'inativo', 1, 1),
(737, '2019-09-02 20:21:16', 'inativo', 1, 2),
(738, '2019-09-02 20:21:16', 'inativo', 1, 3),
(739, '2019-09-02 20:21:16', 'ativo', 1, 4),
(740, '2019-09-02 20:21:16', 'ativo', 3, 5),
(741, '2019-09-02 20:21:16', 'ativo', 3, 6),
(742, '2019-09-02 20:21:16', 'ativo', 3, 7),
(743, '2019-09-02 20:21:16', 'ativo', 3, 1),
(744, '2019-09-02 20:21:16', 'ativo', 3, 2),
(745, '2019-09-02 20:21:17', 'ativo', 3, 3),
(746, '2019-09-02 20:21:17', 'ativo', 3, 4),
(747, '2019-09-02 20:21:17', 'ativo', 3, 5),
(748, '2019-09-02 20:21:17', 'ativo', 3, 6),
(749, '2019-09-02 20:21:17', 'ativo', 3, 7),
(750, '2019-09-02 20:21:17', 'ativo', 3, 1),
(751, '2019-09-02 20:21:17', 'ativo', 3, 2),
(752, '2019-09-02 20:21:17', 'ativo', 3, 3),
(753, '2019-09-02 20:21:17', 'ativo', 3, 4),
(754, '2019-09-02 20:21:17', 'ativo', 3, 5),
(755, '2019-09-02 20:21:17', 'inativo', 3, 6),
(756, '2019-09-02 20:21:17', 'inativo', 3, 7),
(757, '2019-09-02 20:21:17', 'inativo', 2, 1),
(758, '2019-09-02 20:21:17', 'inativo', 2, 2),
(759, '2019-09-02 20:21:17', 'inativo', 2, 3),
(760, '2019-09-02 20:21:17', 'inativo', 2, 4),
(761, '2019-09-02 20:21:17', 'inativo', 2, 5),
(762, '2019-09-02 20:21:17', 'ativo', 2, 6),
(763, '2019-09-02 20:21:17', 'ativo', 2, 7),
(764, '2019-09-02 20:21:17', 'ativo', 2, 1),
(765, '2019-09-02 20:21:17', 'ativo', 2, 2),
(766, '2019-09-02 20:21:17', 'ativo', 1, 3),
(767, '2019-09-02 20:21:17', 'ativo', 1, 4),
(768, '2019-09-02 20:21:17', 'ativo', 1, 5),
(769, '2019-09-02 20:21:17', 'ativo', 1, 6),
(770, '2019-09-02 20:21:17', 'ativo', 1, 7),
(771, '2019-09-02 20:21:17', 'ativo', 1, 1),
(772, '2019-09-02 20:21:17', 'ativo', 1, 2),
(773, '2019-09-02 20:21:17', 'ativo', 1, 3),
(774, '2019-09-02 20:21:17', 'ativo', 1, 4),
(775, '2019-09-02 20:21:18', 'ativo', 1, 5),
(776, '2019-09-02 20:21:18', 'ativo', 3, 6),
(777, '2019-09-02 20:21:18', 'ativo', 3, 7),
(778, '2019-09-02 20:21:18', 'inativo', 3, 1);

-- --------------------------------------------------------

--
-- Estrutura da tabela `funcionario`
--

CREATE TABLE `funcionario` (
  `codFuncionario` int(5) NOT NULL,
  `nome` varchar(50) DEFAULT NULL,
  `funcao` varchar(20) DEFAULT NULL,
  `cpf` int(11) DEFAULT NULL,
  `email` varchar(50) DEFAULT NULL,
  `ra` int(7) DEFAULT NULL
) ENGINE=InnoDB DEFAULT CHARSET=utf8;

--
-- Extraindo dados da tabela `funcionario`
--

INSERT INTO `funcionario` (`codFuncionario`, `nome`, `funcao`, `cpf`, `email`, `ra`) VALUES
(1, 'Maria da Silva', 'Secretária', 214748, 'mariadasilva@email.com', 7456121),
(2, 'Abílio Araripe', 'Professor', 52767, 'segundofla@ig.com.br', 7456122),
(3, 'Acacio Bastos', 'Professor', 331770, 'seedbr@gmail.com', 7456123),
(4, 'Adelino Regueira', 'Professor', 57677, 'secretariosandro@hotmail.com', 7456124),
(5, 'Albino Mafra', 'Professor', 45621, 'second_garage@hotmail.com', 7456125),
(6, 'Aline Coimbra', 'Professor', 550863, 'secmarcio@gmail.com', 7456126),
(7, 'Almor Balsemão', 'Professor', 58854, 'sebastiaocsa@gmail.com', 7456127),
(8, 'Almor Henriques', 'Professor', 316088, 'sebastiandeyse@gmail.com', 7456128),
(9, 'Alípio Alves', 'Professor', 448004, 'scrubles07@yahoo.com.br', 7456129),
(10, 'Alípio Cerveira', 'Professor', 61276, 'scoobygarrido@hotmail.com', 7456130),
(11, 'Anacleto Lagoa', 'Professor', 101230, 'schezinha_nessa@hotmail.com', 7456131),
(12, 'Anselmo Vides', 'Professor', 763687, 'scarlete_2006@hotmail.com', 7456132),
(13, 'Arminda Cordeiro', 'Professor', 855533, 'saw.jogos@yahoo.com.br', 7456133),
(14, 'Astolfo Rebello', 'Professor', 223331, 'saulofernandosantos@hotmail.com', 7456134),
(15, 'Baltasar Felgueira', 'Professor', 3677, 'saulo.gb@hotmail.com', 7456135),
(16, 'Belmiro Alburquerque', 'Professor', 684357, 'satish.darekar@gmail.com', 7456136),
(17, 'Bento Aldeia', 'Professor', 184004, 'sassa_arcanjo@yahoo.com.br', 7456137),
(18, 'Blasco Rosmaninho', 'Professor', 110310, 'sasd2@hotmail.com', 7456138),
(19, 'Brenda Ruela', 'Professor', 548127, 'sasamanchaverde@yahoo.com.br', 7456139),
(20, 'Bukake Fróis', 'Professor', 133020, 'sarinha_az@hotmail.com', 7456140),
(21, 'Carla Thamily', 'Professor', 628030, 'sarinha.hbc@hotmail.com', 7456141),
(22, 'Caubi Capanema', 'Professor', 825367, 'sarasarandy@gmail.com', 7456142),
(23, 'Clarisse Cirne', 'Professor', 812725, 'sararosa2006@uol.com.br', 7456143),
(24, 'Claudemiro Góis', 'Professor', 228088, 'sarahrribeiro@gmail.com', 7456144),
(25, 'Cândida Reino', 'Professor', 755727, 'sarah_raisa_malta@hotmail.com', 7456145),
(26, 'Célia Antunes', 'Professor', 850721, 'sarah.caragua@hotmail.com', 7456146),
(27, 'César Aldea', 'Professor', 303005, 'saradiamantino@hotmail.com', 7456147),
(28, 'David Dorneles', 'Professor', 687763, 'sarada-17@hotmail.com', 7456148),
(29, 'Donata Roriz', 'Professor', 638032, 'saracarol_saj@yahoo.com.br', 7456149),
(30, 'Donato Barreiro', 'Professor', 262302, 'saraandradeb@hotmail.com', 7456150),
(31, 'Dora Alburquerque', 'Professor', 882238, 'saraalvesgv@hotmail.com', 7456151),
(32, 'Elisabete Valgueiro', 'Professor', 106470, 'Saraabou@gmail.com', 7456152),
(33, 'Ema Themes', 'Professor', 170476, 'sara.sari.nha@hotmail.com', 7456153),
(34, 'Emílio Feijó', 'Professor', 754843, 'sapinha.alana@gmail.com', 7456154),
(35, 'Emílio Monsanto', 'Professor', 726116, 'saopaulina_para_sempre@hotmail.com', 7456155),
(36, 'Fausto González', 'Professor', 840066, 'santinha_pvh_06@hotmail.com', 7456156),
(37, 'Feliciano Silvestre', 'Professor', 322807, 'sanlobarbosa@yahoo.com.br', 7456157),
(38, 'Florinda Lago', 'Professor', 255738, 'sangueverdeeternamente@gmail.com', 7456158),
(39, 'Florinda Lousã', 'Professor', 814276, 'sangreal.war@gmail.com', 7456159),
(40, 'Gerardo Fogaça', 'Professor', 648281, 'sangreal.root@gmail.com', 7456160),
(41, 'Gilberto Espartero', 'Professor', 155271, 'sandyleticia30@gmail.com', 7456161),
(42, 'Giovana Ferraço', 'Professor', 474175, 'SANDY_MGG3@YAHOO.COM.BR', 7456162),
(43, 'Girão Sánchez', 'Professor', 70252, 'sandro-sp-22@hotmail.com', 7456163),
(44, 'Gláuber Beltrán', 'Professor', 73888, 'sandro_mancha@hotmail.com', 7456164),
(45, 'Gueda Lousã', 'Professor', 153108, 'sanderson@spolicarpo.com', 7456165),
(46, 'Guido Almeyda', 'Professor', 22131, 'samyra22gv@hotmail.com', 7456166),
(47, 'Guilherme Neres', 'Professor', 222800, 'samydulu@yahoo.com.br', 7456167),
(48, 'Hedviges Madureira', 'Professor', 186602, 'samurai_flavio@yahoo.com.br', 7456168),
(49, 'Humberto Imperial', 'Professor', 640243, 'samuel_anisio@yahoo.com.br', 7456169),
(50, 'Hélia Bethancout', 'Professor', 537030, 'samucamediador@hotmail.com', 7456170),
(51, 'Hélio Quirós', 'Professor', 136633, 'samuca2007@yahoo.com.br', 7456171),
(52, 'Iolanda Betancour', 'Professor', 470344, 'samuca009@yahoo.com.br', 7456172),
(53, 'Iracema Francia', 'Professor', 402833, 'Samu.m.Souza@gmail.com', 7456173),
(54, 'Isadora Thomé', 'Professor', 448032, 'sammytdg@yahoo.com.br', 7456174),
(55, 'Isaura Torrado', 'Professor', 703841, 'samiladv@hotmail.com', 7456175),
(56, 'Janaína Aldea', 'Professor', 286726, 'samila.gata@yahoo.com.br', 7456176),
(57, 'Jandira Fróis', 'Limpeza', 161683, 'samia_florzinha@yahoo.com.br', 7456177),
(58, 'Jeremias Ruas', 'Limpeza', 443713, 'samarinha_2005@hotmail.com', 7456178),
(59, 'Jonas Loio', 'Limpeza', 171378, 'samararibeirosouza@hotmail.com', 7456179),
(60, 'Josefa Carballo', 'Limpeza', 530444, 'samara-peo@hotmail.com', 7456180),
(61, 'Judá Pérez', 'Limpeza', 732374, 'samaralinda1@yahoo.com.br', 7456181),
(62, 'Laís Miera', 'Limpeza', 164450, 'samarafeliciano@yahoo.com.br', 7456182),
(63, 'Lucinda Cysneiros', 'Limpeza', 583444, 'samara_09_1991@hotmail.com', 7456183),
(64, 'Lucílio Salomão', 'Limpeza', 16281, 'samara.q.ueiroz@hotmail.com', 7456184),
(65, 'Lúcia Estrella', 'Limpeza', 471865, 'samantinha_45@hotmail.com', 7456185),
(66, 'Mafalda Menna', 'Limpeza', 850488, 'samanthaelucas2006@hotmail.com', 7456186),
(67, 'Marcela Sanches', 'Limpeza', 66646, 'samantagteixeira10@hotmail.com', 7456187),
(68, 'Margarida Nieto', 'Limpeza', 344782, 'samanta_priscilla@yahoo.com.br', 7456188),
(69, 'Maíra Morera', 'Limpeza', 345330, 'sam_fakee3@yahoo.com.br', 7456189),
(70, 'Natália Sousa', 'Limpeza', 731015, 'salsichaph@yahoo.com.br', 7456190),
(71, 'Nilza Noguera', 'Limpeza', 134548, 'salanoliveira@hotmail.com', 7456191),
(72, 'Norberto Mayor', 'Limpeza', 422, 'sajubiz@yahoo.com.br', 7456192),
(73, 'Parcidio Pérez', 'Limpeza', 752534, 'saitseya.junior@gmail.com', 7456193),
(74, 'Quintilien Setúbal', 'Limpeza', 62053, 'safo_junior29@hotmail.com', 7456194),
(75, 'Quirina Pinto', 'Limpeza', 888468, 'sadia_khan0@yahoo.com', 7456195),
(76, 'Raimundo Villena', 'Limpeza', 575058, 'sacanearfake@yahoo.com.br', 7456196),
(77, 'Reinaldo Varão', 'Limpeza', 454858, 'sabrininha_sbs@hotmail.com', 7456197),
(78, 'Sandoval Guimarães', 'Limpeza', 554143, 'sabrinamagalhaes00@yahoo.com.br', 7456198),
(79, 'Santiago Carvalhosa', 'Limpeza', 777633, 'sabrinakatarina@hotmail.com', 7456199),
(80, 'Santiago Márquez', 'Secretaria', 828243, 'sabrina_sinnlich@yahoo.com.br', 7456200),
(81, 'Sebastiana Almeyda', 'Secretaria', 318544, 'sabrina_sbr@hotmail.com', 7456201),
(82, 'Serafim Félix', 'Secretaria', 243121, 'sabrina-_-mazzi@hotmail.com', 7456202),
(83, 'Susana Athayde', 'Secretaria', 154844, 'sabotagenoob@gmail.com', 7456203),
(84, 'Sérgio Castel-Branco', 'Secretaria', 668470, 's4l33n@gmail.com', 7456204),
(85, 'Sérgio Goes', 'Secretaria', 548163, 's2yous02@yahoo.com.br', 7456205),
(86, 'Sílvio Arantes', 'Secretaria', 617023, 'S2jowS2@hotmail.com', 7456206),
(87, 'Tibúrcio Ramalho', 'Secretaria', 748526, 's_osmanosdonorte@yahoo.com.br', 7456207),
(88, 'Timóteo Thomé', 'Secretaria', 556782, 's_ivan@itelefonica.com.br', 7456208),
(89, 'Tércio Holanda', 'Secretaria', 733104, 'ryu_fake@yahoo.com.br', 7456209),
(90, 'Ubirajara Silva', 'Secretaria', 113765, 'ryane_gunner@yahoo.com.br', 7456210),
(91, 'Urbano Belmonte', 'Secretaria', 267401, 'ryan_ross_panic@yahoo.com.br', 7456211),
(92, 'Valentim Faria', 'Secretaria', 230801, 'ruthekarem_15@yahoo.com.br', 7456212),
(93, 'Valentim Penha', 'Secretaria', 287686, 'rubiannemartins@bol.com.br', 7456213),
(94, 'Valério Laureano', 'Secretaria', 203508, 'ruannalonso@hotmail.com', 7456214),
(95, 'Veríssimo Eanes', 'Secretaria', 335257, 'ru.hiphop_black@yahoo.com.br', 7456215),
(96, 'Vicente Garcia', 'Secretaria', 236234, 'rsk8tanta@hotmail.com', 7456216),
(97, 'Viviana Alcantara', 'Secretaria', 547666, 'rr_soadrocks@hotmail.com', 7456217),
(98, 'Xavier Neiva', 'Secretaria', 750483, 'royter50@gmail.com', 7456218),
(99, 'Ângelo Graça', 'Secretaria', 620221, 'rovani_schaf@yahoo.com.br', 7456219),
(100, 'Íris Caiapó', 'Secretaria', 133268, 'rota15.brasil@yahoo.com.br', 7456220);

-- --------------------------------------------------------

--
-- Estrutura da tabela `matricula`
--

CREATE TABLE `matricula` (
  `codMatricula` int(7) NOT NULL,
  `estado` varchar(20) DEFAULT NULL,
  `rm` int(7) DEFAULT NULL,
  `dataInicio` date DEFAULT NULL,
  `dataFim` date DEFAULT NULL,
  `codFuncionario_Fk` int(5) DEFAULT NULL,
  `codAluno_Fk` int(7) DEFAULT NULL,
  `codTurma_Fk` int(7) DEFAULT NULL
) ENGINE=InnoDB DEFAULT CHARSET=utf8;

--
-- Extraindo dados da tabela `matricula`
--

INSERT INTO `matricula` (`codMatricula`, `estado`, `rm`, `dataInicio`, `dataFim`, `codFuncionario_Fk`, `codAluno_Fk`, `codTurma_Fk`) VALUES
(1, 'Ativa', 1238546, '2018-02-01', '2019-06-23', 1, 1, 1),
(2, 'Ativa', 1238547, '2018-02-02', '2019-06-24', 1, 1, 4),
(3, 'Ativa', 1238548, '2018-02-03', '2019-06-25', 2, 1, 7),
(4, 'Ativa', 1238549, '2018-02-04', '2019-06-26', 2, 2, 10),
(5, 'Ativa', 1238550, '2018-02-05', '2019-06-27', 2, 2, 13),
(6, 'Ativa', 1238551, '2018-02-06', '2019-06-28', 3, 3, 15),
(7, 'Ativa', 1238552, '2018-02-07', '2019-06-29', 1, 3, 18),
(8, 'Ativa', 1238553, '2018-02-01', '2019-06-30', 1, 4, 1),
(9, 'Ativa', 1238554, '2018-02-02', '2019-06-23', 2, 5, 4),
(10, 'Ativa', 1238555, '2018-02-03', '2019-06-24', 2, 6, 7),
(11, 'Ativa', 1238556, '2018-02-04', '2019-06-25', 2, 7, 10),
(12, 'Ativa', 1238557, '2018-02-05', '2019-06-26', 3, 8, 13),
(13, 'Ativa', 1238558, '2018-02-06', '2019-06-27', 1, 9, 15),
(14, 'Ativa', 1238559, '2018-02-07', '2019-06-28', 1, 10, 18),
(15, 'Ativa', 1238560, '2018-02-01', '2019-06-29', 2, 11, 1),
(16, 'Ativa', 1238561, '2018-02-02', '2019-06-30', 2, 12, 4),
(17, 'Ativa', 1238562, '2018-02-03', '2019-06-23', 2, 12, 7),
(18, 'Ativa', 1238563, '2018-02-04', '2019-06-24', 3, 12, 10),
(19, 'Ativa', 1238564, '2018-02-05', '2019-06-25', 1, 15, 13),
(20, 'Ativa', 1238565, '2018-02-06', '2019-06-26', 1, 16, 15),
(21, 'Ativa', 1238566, '2018-02-07', '2019-06-27', 2, 17, 18),
(22, 'Ativa', 1238567, '2018-02-01', '2019-06-28', 2, 18, 1),
(23, 'Ativa', 1238568, '2018-02-02', '2019-06-29', 2, 19, 4),
(24, 'Inativa', 1238569, '2018-02-03', '2019-06-30', 3, 20, 7),
(25, 'Inativa', 1238570, '2018-07-04', '2019-11-23', 1, 21, 10),
(26, 'Inativa', 1238571, '2018-07-05', '2019-11-24', 1, 21, 12),
(27, 'Ativa', 1238572, '2018-07-06', '2019-11-25', 2, 21, 15),
(28, 'Ativa', 1238573, '2018-07-07', '2019-11-26', 2, 21, 18),
(29, 'Ativa', 1238574, '2018-07-01', '2019-11-27', 2, 22, 1),
(30, 'Ativa', 1238575, '2018-07-02', '2019-11-28', 3, 23, 4),
(31, 'Ativa', 1238576, '2018-07-03', '2019-11-29', 1, 24, 7),
(32, 'Inativa', 1238577, '2018-07-04', '2019-11-30', 1, 25, 10),
(33, 'Inativa', 1238578, '2018-07-05', '2019-11-23', 2, 25, 13),
(34, 'Inativa', 1238579, '2018-07-06', '2019-11-24', 2, 27, 15),
(35, 'Ativa', 1238580, '2018-07-07', '2019-11-25', 2, 28, 18),
(36, 'Ativa', 1238581, '2018-07-01', '2019-11-26', 3, 29, 1),
(37, 'Ativa', 1238582, '2018-07-02', '2019-11-27', 1, 30, 4),
(38, 'Ativa', 1238583, '2018-07-03', '2019-11-28', 1, 31, 7),
(39, 'Ativa', 1238584, '2018-07-04', '2019-11-29', 2, 32, 10),
(40, 'Inativa', 1238585, '2018-07-05', '2019-11-30', 2, 32, 13),
(41, 'Inativa', 1238586, '2018-07-06', '2019-11-23', 2, 34, 15),
(42, 'Inativa', 1238587, '2018-07-07', '2019-11-24', 3, 35, 18),
(43, 'Ativa', 1238588, '2018-07-01', '2019-11-25', 1, 36, 1),
(44, 'Ativa', 1238589, '2018-07-02', '2019-11-26', 1, 37, 4),
(45, 'Ativa', 1238590, '2018-07-03', '2019-11-27', 2, 38, 7),
(46, 'Ativa', 1238591, '2018-07-04', '2019-11-28', 2, 39, 10),
(47, 'Ativa', 1238592, '2018-07-05', '2019-11-29', 2, 40, 13),
(48, 'Inativa', 1238593, '2018-07-06', '2019-11-30', 3, 41, 15),
(49, 'Inativa', 1238594, '2018-07-07', '2019-11-23', 1, 42, 18),
(50, 'Inativa', 1238595, '2018-07-01', '2019-11-24', 1, 42, 1),
(51, 'Inativa', 1238596, '2018-07-03', '2019-11-28', 1, 43, 1),
(52, 'Ativa', 1238597, '2018-07-04', '2019-11-29', 2, 44, 2),
(53, 'Ativa', 1238598, '2018-07-05', '2019-11-30', 2, 45, 3),
(54, 'Ativa', 1238599, '2018-07-06', '2019-11-23', 2, 46, 4),
(55, 'Ativa', 1238600, '2018-07-07', '2019-11-24', 3, 47, 5),
(56, 'Ativa', 1238601, '2018-07-01', '2019-11-25', 1, 48, 6),
(57, 'Inativa', 1238602, '2018-07-02', '2019-11-26', 1, 49, 7),
(58, 'Inativa', 1238603, '2018-07-03', '2019-11-27', 2, 50, 8),
(59, 'Inativa', 1238604, '2018-07-04', '2019-11-28', 2, 51, 9),
(60, 'Ativa', 1238605, '2018-07-05', '2019-11-29', 2, 52, 10),
(61, 'Ativa', 1238606, '2018-07-06', '2019-11-30', 3, 53, 11),
(62, 'Ativa', 1238607, '2018-07-07', '2019-11-23', 1, 54, 12),
(63, 'Ativa', 1238608, '2018-07-01', '2019-11-24', 1, 55, 13),
(64, 'Ativa', 1238609, '2018-07-03', '2019-11-28', 1, 56, 14),
(65, 'Inativa', 1238610, '2018-07-04', '2019-11-29', 2, 57, 15),
(66, 'Inativa', 1238611, '2018-07-05', '2019-11-30', 2, 58, 16),
(67, 'Inativa', 1238612, '2018-07-06', '2019-11-23', 2, 59, 17),
(68, 'Inativa', 1238613, '2018-07-07', '2019-11-24', 3, 60, 18),
(69, 'Ativa', 1238614, '2018-07-01', '2019-11-25', 1, 61, 1),
(70, 'Ativa', 1238615, '2018-07-02', '2019-11-26', 1, 62, 2),
(71, 'Ativa', 1238616, '2018-07-03', '2019-11-27', 2, 63, 3),
(72, 'Ativa', 1238617, '2018-07-04', '2019-11-28', 2, 64, 4),
(73, 'Ativa', 1238618, '2018-07-05', '2019-11-29', 2, 65, 5),
(74, 'Inativa', 1238619, '2018-07-06', '2019-11-30', 3, 66, 6),
(75, 'Inativa', 1238620, '2018-07-07', '2019-11-23', 1, 67, 7),
(76, 'Inativa', 1238621, '2018-07-01', '2019-11-24', 1, 68, 8),
(77, 'Ativa', 1238622, '2018-07-03', '2019-11-28', 1, 68, 9),
(78, 'Ativa', 1238623, '2018-07-04', '2019-11-29', 2, 68, 10),
(79, 'Ativa', 1238624, '2018-07-05', '2019-11-30', 2, 69, 11),
(80, 'Ativa', 1238625, '2018-07-06', '2019-11-23', 2, 70, 12),
(81, 'Ativa', 1238626, '2018-07-07', '2019-11-24', 3, 71, 13),
(82, 'Inativa', 1238627, '2018-07-01', '2019-11-25', 1, 72, 14),
(83, 'Inativa', 1238628, '2018-07-02', '2019-11-26', 1, 73, 15),
(84, 'Inativa', 1238629, '2018-07-03', '2019-11-27', 2, 74, 16),
(85, 'Inativa', 1238630, '2018-07-04', '2019-11-28', 2, 75, 17),
(86, 'Ativa', 1238631, '2018-07-05', '2019-11-29', 2, 76, 18),
(87, 'Ativa', 1238632, '2018-07-06', '2019-11-30', 3, 77, 1),
(88, 'Ativa', 1238633, '2018-07-07', '2019-11-23', 1, 78, 2),
(89, 'Ativa', 1238634, '2018-07-01', '2019-11-24', 1, 79, 3),
(90, 'Ativa', 1238635, '2018-07-03', '2019-11-28', 1, 79, 4),
(91, 'Inativa', 1238636, '2018-07-04', '2019-11-29', 2, 79, 5),
(92, 'Inativa', 1238637, '2018-07-05', '2019-11-30', 2, 79, 6),
(93, 'Inativa', 1238638, '2018-07-06', '2019-11-23', 2, 80, 7),
(94, 'Ativa', 1238639, '2018-07-07', '2019-11-24', 3, 81, 8),
(95, 'Ativa', 1238640, '2018-07-01', '2019-11-25', 1, 82, 9),
(96, 'Ativa', 1238641, '2018-07-02', '2019-11-26', 1, 83, 10),
(97, 'Ativa', 1238642, '2018-07-03', '2019-11-27', 2, 84, 11),
(98, 'Ativa', 1238643, '2018-07-04', '2019-11-28', 2, 85, 12),
(99, 'Inativa', 1238644, '2018-07-05', '2019-11-29', 2, 86, 13),
(100, 'Inativa', 1238645, '2018-07-06', '2019-11-30', 3, 87, 14),
(101, 'Inativa', 1238646, '2018-07-07', '2019-11-23', 1, 88, 15),
(102, 'Inativa', 1238647, '2018-07-01', '2019-11-24', 1, 89, 16),
(103, 'Ativa', 1238648, '2018-07-03', '2019-11-28', 1, 90, 17),
(104, 'Ativa', 1238649, '2018-07-04', '2019-11-29', 2, 91, 18),
(105, 'Ativa', 1238650, '2018-07-05', '2019-11-30', 2, 92, 1),
(106, 'Ativa', 1238651, '2018-07-06', '2019-11-23', 2, 93, 2),
(107, 'Ativa', 1238652, '2018-07-07', '2019-11-24', 3, 94, 3),
(108, 'Inativa', 1238653, '2018-07-01', '2019-11-25', 1, 95, 4),
(109, 'Inativa', 1238654, '2018-07-02', '2019-11-26', 1, 96, 5),
(110, 'Inativa', 1238655, '2018-07-03', '2019-11-27', 2, 97, 6),
(111, 'Ativa', 1238656, '2018-07-04', '2019-11-28', 2, 98, 7),
(112, 'Ativa', 1238657, '2018-07-05', '2019-11-29', 2, 99, 8),
(113, 'Ativa', 1238658, '2018-07-06', '2019-11-30', 3, 100, 9),
(114, 'Ativa', 1238659, '2018-07-07', '2019-11-23', 1, 101, 10),
(115, 'Ativa', 1238660, '2018-07-01', '2019-11-24', 1, 102, 11),
(116, 'Inativa', 1238661, '2018-07-03', '2019-11-28', 1, 103, 12),
(117, 'Inativa', 1238662, '2018-07-04', '2019-11-29', 2, 104, 13),
(118, 'Inativa', 1238663, '2018-07-05', '2019-11-30', 2, 105, 14),
(119, 'Inativa', 1238664, '2018-07-06', '2019-11-23', 2, 106, 15),
(120, 'Ativa', 1238665, '2018-07-07', '2019-11-24', 3, 107, 16),
(121, 'Ativa', 1238666, '2018-07-01', '2019-11-25', 1, 108, 17),
(122, 'Ativa', 1238667, '2018-07-02', '2019-11-26', 1, 109, 18),
(123, 'Ativa', 1238668, '2018-07-03', '2019-11-27', 2, 110, 1),
(124, 'Ativa', 1238669, '2018-07-04', '2019-11-28', 2, 111, 2),
(125, 'Inativa', 1238670, '2018-07-05', '2019-11-29', 2, 112, 3),
(126, 'Inativa', 1238671, '2018-07-06', '2019-11-30', 3, 113, 4),
(127, 'Inativa', 1238672, '2018-07-07', '2019-11-23', 1, 114, 5),
(128, 'Ativa', 1238673, '2018-07-01', '2019-11-24', 1, 115, 6),
(129, 'Ativa', 1238674, '2018-07-03', '2019-11-28', 1, 116, 7),
(130, 'Ativa', 1238675, '2018-07-04', '2019-11-29', 2, 117, 8),
(131, 'Ativa', 1238676, '2018-07-05', '2019-11-30', 2, 118, 9),
(132, 'Ativa', 1238677, '2018-07-06', '2019-11-23', 2, 119, 10),
(133, 'Inativa', 1238678, '2018-07-07', '2019-11-24', 3, 120, 11),
(134, 'Inativa', 1238679, '2018-07-01', '2019-11-25', 1, 121, 12),
(135, 'Inativa', 1238680, '2018-07-02', '2019-11-26', 1, 122, 13),
(136, 'Inativa', 1238681, '2018-07-03', '2019-11-27', 2, 123, 14),
(137, 'Ativa', 1238682, '2018-07-04', '2019-11-28', 2, 124, 15),
(138, 'Ativa', 1238683, '2018-07-05', '2019-11-29', 2, 125, 16),
(139, 'Ativa', 1238684, '2018-07-06', '2019-11-30', 3, 126, 17),
(140, 'Ativa', 1238685, '2018-07-07', '2019-11-23', 1, 127, 18),
(141, 'Ativa', 1238686, '2018-07-01', '2019-11-24', 1, 128, 1),
(142, 'Inativa', 1238687, '2018-07-03', '2019-11-28', 1, 129, 2),
(143, 'Inativa', 1238688, '2018-07-04', '2019-11-29', 2, 130, 3),
(144, 'Inativa', 1238689, '2018-07-05', '2019-11-30', 2, 131, 4),
(145, 'Ativa', 1238690, '2018-07-06', '2019-11-23', 2, 132, 5),
(146, 'Ativa', 1238691, '2018-07-07', '2019-11-24', 3, 133, 6),
(147, 'Ativa', 1238692, '2018-07-01', '2019-11-25', 1, 134, 7),
(148, 'Ativa', 1238693, '2018-07-02', '2019-11-26', 1, 135, 8),
(149, 'Ativa', 1238694, '2018-07-03', '2019-11-27', 2, 136, 9),
(150, 'Inativa', 1238695, '2018-07-04', '2019-11-28', 2, 137, 10),
(151, 'Inativa', 1238696, '2018-07-05', '2019-11-29', 2, 138, 11),
(152, 'Inativa', 1238697, '2018-07-06', '2019-11-30', 3, 139, 12),
(153, 'Inativa', 1238698, '2018-07-07', '2019-11-23', 1, 140, 13),
(154, 'Ativa', 1238699, '2018-07-01', '2019-11-24', 1, 141, 14),
(155, 'Ativa', 1238700, '2018-07-03', '2019-11-28', 1, 142, 15),
(156, 'Ativa', 1238701, '2018-07-04', '2019-11-29', 2, 143, 16),
(157, 'Ativa', 1238702, '2018-07-05', '2019-11-30', 2, 144, 17),
(158, 'Ativa', 1238703, '2018-07-06', '2019-11-23', 2, 145, 18),
(159, 'Inativa', 1238704, '2018-07-07', '2019-11-24', 3, 146, 1),
(160, 'Inativa', 1238705, '2018-07-01', '2019-11-25', 1, 147, 2),
(161, 'Inativa', 1238706, '2018-07-02', '2019-11-26', 1, 148, 3),
(162, 'Ativa', 1238707, '2018-07-03', '2019-11-27', 2, 149, 4),
(163, 'Ativa', 1238708, '2018-07-04', '2019-11-28', 2, 150, 5),
(164, 'Ativa', 1238709, '2018-07-05', '2019-11-29', 2, 151, 6),
(165, 'Ativa', 1238710, '2018-07-06', '2019-11-30', 3, 152, 7),
(166, 'Ativa', 1238711, '2018-07-07', '2019-11-23', 1, 153, 8),
(167, 'Inativa', 1238712, '2018-07-01', '2019-11-24', 1, 154, 9),
(168, 'Inativa', 1238713, '2018-07-03', '2019-11-28', 1, 155, 10),
(169, 'Inativa', 1238714, '2018-07-04', '2019-11-29', 2, 156, 11),
(170, 'Inativa', 1238715, '2018-07-05', '2019-11-30', 2, 157, 12),
(171, 'Ativa', 1238716, '2018-07-06', '2019-11-23', 2, 158, 13),
(172, 'Ativa', 1238717, '2018-07-07', '2019-11-24', 3, 159, 14),
(173, 'Ativa', 1238718, '2018-07-01', '2019-11-25', 1, 160, 15),
(174, 'Ativa', 1238719, '2018-07-02', '2019-11-26', 1, 161, 16),
(175, 'Ativa', 1238720, '2018-07-03', '2019-11-27', 2, 162, 17),
(176, 'Inativa', 1238721, '2018-07-04', '2019-11-28', 2, 163, 18),
(177, 'Inativa', 1238722, '2018-07-05', '2019-11-29', 2, 164, 1),
(178, 'Inativa', 1238723, '2018-07-06', '2019-11-30', 3, 165, 2),
(179, 'Ativa', 1238724, '2018-07-07', '2019-11-23', 1, 166, 3),
(180, 'Ativa', 1238725, '2018-07-01', '2019-11-24', 1, 167, 4),
(181, 'Ativa', 1238726, '2018-07-03', '2019-11-28', 1, 168, 5),
(182, 'Ativa', 1238727, '2018-07-04', '2019-11-29', 2, 169, 6),
(183, 'Ativa', 1238728, '2018-07-05', '2019-11-30', 2, 170, 7),
(184, 'Inativa', 1238729, '2018-07-06', '2019-11-23', 2, 171, 8),
(185, 'Inativa', 1238730, '2018-07-07', '2019-11-24', 3, 172, 9),
(186, 'Inativa', 1238731, '2018-07-01', '2019-11-25', 1, 173, 10),
(187, 'Inativa', 1238732, '2018-07-02', '2019-11-26', 1, 174, 11),
(188, 'Ativa', 1238733, '2018-07-03', '2019-11-27', 2, 175, 12),
(189, 'Ativa', 1238734, '2018-07-04', '2019-11-28', 2, 176, 13),
(190, 'Ativa', 1238735, '2018-07-05', '2019-11-29', 2, 177, 14),
(191, 'Ativa', 1238736, '2018-07-06', '2019-11-30', 3, 178, 15),
(192, 'Ativa', 1238737, '2018-07-07', '2019-11-23', 1, 179, 16),
(193, 'Inativa', 1238738, '2018-07-01', '2019-11-24', 1, 180, 17),
(194, 'Inativa', 1238739, '2018-07-03', '2019-11-28', 1, 181, 18),
(195, 'Inativa', 1238740, '2018-07-04', '2019-11-29', 2, 182, 1),
(196, 'Ativa', 1238741, '2018-07-05', '2019-11-30', 2, 183, 2),
(197, 'Ativa', 1238742, '2018-07-06', '2019-11-23', 2, 184, 3),
(198, 'Ativa', 1238743, '2018-07-07', '2019-11-24', 3, 185, 4),
(199, 'Ativa', 1238744, '2018-07-01', '2019-11-25', 1, 186, 5),
(200, 'Ativa', 1238745, '2018-07-02', '2019-11-26', 1, 187, 6),
(201, 'Inativa', 1238746, '2018-07-03', '2019-11-27', 2, 188, 7),
(202, 'Inativa', 1238747, '2018-07-04', '2019-11-28', 2, 189, 8),
(203, 'Inativa', 1238748, '2018-07-05', '2019-11-29', 2, 190, 9),
(204, 'Inativa', 1238749, '2018-07-06', '2019-11-30', 3, 191, 10),
(205, 'Ativa', 1238750, '2018-07-07', '2019-11-23', 1, 192, 11),
(206, 'Ativa', 1238751, '2018-07-01', '2019-11-24', 1, 193, 12),
(207, 'Ativa', 1238752, '2018-07-03', '2019-11-28', 1, 194, 13),
(208, 'Ativa', 1238753, '2018-07-04', '2019-11-29', 2, 195, 14),
(209, 'Ativa', 1238754, '2018-07-05', '2019-11-30', 2, 196, 15),
(210, 'Inativa', 1238755, '2018-07-06', '2019-11-23', 2, 197, 16),
(211, 'Inativa', 1238756, '2018-07-07', '2019-11-24', 3, 198, 17),
(212, 'Inativa', 1238757, '2018-07-01', '2019-11-25', 1, 199, 18),
(213, 'Ativa', 1238758, '2018-07-02', '2019-11-26', 1, 200, 1),
(214, 'Ativa', 1238759, '2018-07-03', '2019-11-27', 2, 201, 2),
(215, 'Ativa', 1238760, '2018-07-04', '2019-11-28', 2, 202, 3),
(216, 'Ativa', 1238761, '2018-07-05', '2019-11-29', 2, 203, 4),
(217, 'Ativa', 1238762, '2018-07-06', '2019-11-30', 3, 204, 5),
(218, 'Inativa', 1238763, '2018-07-07', '2019-11-23', 1, 205, 6),
(219, 'Inativa', 1238764, '2018-07-01', '2019-11-24', 1, 206, 7),
(220, 'Inativa', 1238765, '2018-07-03', '2019-11-28', 1, 207, 8),
(221, 'Inativa', 1238766, '2018-07-04', '2019-11-29', 2, 208, 9),
(222, 'Ativa', 1238767, '2018-07-05', '2019-11-30', 2, 209, 10),
(223, 'Ativa', 1238768, '2018-07-06', '2019-11-23', 2, 210, 11),
(224, 'Ativa', 1238769, '2018-07-07', '2019-11-24', 3, 211, 12),
(225, 'Ativa', 1238770, '2018-07-01', '2019-11-25', 1, 212, 13),
(226, 'Ativa', 1238771, '2018-07-02', '2019-11-26', 1, 213, 14),
(227, 'Inativa', 1238772, '2018-07-03', '2019-11-27', 2, 214, 15),
(228, 'Inativa', 1238773, '2018-07-04', '2019-11-28', 2, 215, 16),
(229, 'Inativa', 1238774, '2018-07-05', '2019-11-29', 2, 216, 17),
(230, 'Ativa', 1238775, '2018-07-06', '2019-11-30', 3, 217, 18),
(231, 'Ativa', 1238776, '2018-07-07', '2019-11-23', 1, 218, 1),
(232, 'Ativa', 1238777, '2018-07-01', '2019-11-24', 1, 219, 2),
(233, 'Ativa', 1238778, '2018-07-03', '2019-11-28', 1, 220, 3),
(234, 'Ativa', 1238779, '2018-07-04', '2019-11-29', 2, 221, 4),
(235, 'Inativa', 1238780, '2018-07-05', '2019-11-30', 2, 222, 5),
(236, 'Inativa', 1238781, '2018-07-06', '2019-11-23', 2, 223, 6),
(237, 'Inativa', 1238782, '2018-07-07', '2019-11-24', 3, 224, 7),
(238, 'Inativa', 1238783, '2018-07-01', '2019-11-25', 1, 225, 8),
(239, 'Ativa', 1238784, '2018-07-02', '2019-11-26', 1, 226, 9),
(240, 'Ativa', 1238785, '2018-07-03', '2019-11-27', 2, 227, 10),
(241, 'Ativa', 1238786, '2018-07-04', '2019-11-28', 2, 228, 11),
(242, 'Ativa', 1238787, '2018-07-05', '2019-11-29', 2, 229, 12),
(243, 'Ativa', 1238788, '2018-07-06', '2019-11-30', 3, 230, 13),
(244, 'Inativa', 1238789, '2018-07-07', '2019-11-23', 1, 231, 14),
(245, 'Inativa', 1238790, '2018-07-01', '2019-11-24', 1, 232, 15),
(246, 'Inativa', 1238791, '2018-07-03', '2019-11-28', 1, 233, 16),
(247, 'Ativa', 1238792, '2018-07-04', '2019-11-29', 2, 234, 17),
(248, 'Ativa', 1238793, '2018-07-05', '2019-11-30', 2, 235, 18),
(249, 'Ativa', 1238794, '2018-07-06', '2019-11-23', 2, 236, 1),
(250, 'Ativa', 1238795, '2018-07-07', '2019-11-24', 3, 237, 2),
(251, 'Ativa', 1238796, '2018-07-01', '2019-11-25', 1, 238, 3),
(252, 'Inativa', 1238797, '2018-07-02', '2019-11-26', 1, 239, 4),
(253, 'Inativa', 1238798, '2018-07-03', '2019-11-27', 2, 240, 5),
(254, 'Inativa', 1238799, '2018-07-04', '2019-11-28', 2, 241, 6),
(255, 'Inativa', 1238800, '2018-07-05', '2019-11-29', 2, 242, 7),
(256, 'Ativa', 1238801, '2018-07-06', '2019-11-30', 3, 243, 8),
(257, 'Ativa', 1238802, '2018-07-07', '2019-11-23', 1, 244, 9),
(258, 'Ativa', 1238803, '2018-07-01', '2019-11-24', 1, 245, 10),
(259, 'Ativa', 1238804, '2018-07-03', '2019-11-28', 1, 246, 11);

-- --------------------------------------------------------

--
-- Estrutura da tabela `turma`
--

CREATE TABLE `turma` (
  `codTurma` int(7) NOT NULL,
  `sala` varchar(4) DEFAULT NULL,
  `representante` varchar(50) DEFAULT NULL,
  `nome` varchar(50) DEFAULT NULL,
  `codCurso_Fk` int(4) DEFAULT NULL
) ENGINE=InnoDB DEFAULT CHARSET=utf8;

--
-- Extraindo dados da tabela `turma`
--

INSERT INTO `turma` (`codTurma`, `sala`, `representante`, `nome`, `codCurso_Fk`) VALUES
(1, '20', 'Bruno', 'ADM12019', 1),
(2, '21', 'Marcos', 'ADM12018', 1),
(3, '22', 'Alberto', 'ADM12017', 1),
(4, '23', 'Felipe ', 'INF12019', 2),
(5, '24', 'Douglas', 'INF12018', 2),
(6, '25', 'Jeff', 'INF12017', 2),
(7, '26', 'Camila', 'TST12019', 3),
(8, '27', 'Danilo', 'TST12018', 3),
(9, '28', 'Diego', 'TST12017', 3),
(10, '29', 'Marcos', 'ENF12019', 4),
(11, '30', 'Ana Maria', 'ENF22019', 4),
(12, '31', 'Lucas', 'ENF12018', 4),
(13, '32', 'Gabriel', 'NUT12019', 5),
(14, '33', 'Cristina', 'NUT22019', 5),
(15, '34', 'Jonathan', 'NUT22018', 5),
(16, '35', 'Erick', 'COZ12019', 6),
(17, '36', 'Adalbeto', 'COZ12018', 6),
(18, '37', 'Humbero', 'COZ12017', 6);

--
-- Indexes for dumped tables
--

--
-- Indexes for table `aluno`
--
ALTER TABLE `aluno`
  ADD PRIMARY KEY (`codAluno`);

--
-- Indexes for table `curso`
--
ALTER TABLE `curso`
  ADD PRIMARY KEY (`codCurso`);

--
-- Indexes for table `escola`
--
ALTER TABLE `escola`
  ADD PRIMARY KEY (`codEscola`);

--
-- Indexes for table `frequencia`
--
ALTER TABLE `frequencia`
  ADD PRIMARY KEY (`codFrequencia`),
  ADD KEY `codFuncionarioFk` (`codFuncionarioFk`),
  ADD KEY `codMatriculaFk` (`codMatriculaFk`);

--
-- Indexes for table `funcionario`
--
ALTER TABLE `funcionario`
  ADD PRIMARY KEY (`codFuncionario`);

--
-- Indexes for table `matricula`
--
ALTER TABLE `matricula`
  ADD PRIMARY KEY (`codMatricula`),
  ADD KEY `codFuncionario_Fk` (`codFuncionario_Fk`),
  ADD KEY `codAluno_Fk` (`codAluno_Fk`),
  ADD KEY `codTurma_Fk` (`codTurma_Fk`);

--
-- Indexes for table `turma`
--
ALTER TABLE `turma`
  ADD PRIMARY KEY (`codTurma`),
  ADD KEY `codCurso_Fk` (`codCurso_Fk`);

--
-- AUTO_INCREMENT for dumped tables
--

--
-- AUTO_INCREMENT for table `aluno`
--
ALTER TABLE `aluno`
  MODIFY `codAluno` int(7) NOT NULL AUTO_INCREMENT, AUTO_INCREMENT=301;

--
-- AUTO_INCREMENT for table `curso`
--
ALTER TABLE `curso`
  MODIFY `codCurso` int(4) NOT NULL AUTO_INCREMENT, AUTO_INCREMENT=7;

--
-- AUTO_INCREMENT for table `escola`
--
ALTER TABLE `escola`
  MODIFY `codEscola` int(9) NOT NULL AUTO_INCREMENT, AUTO_INCREMENT=3;

--
-- AUTO_INCREMENT for table `frequencia`
--
ALTER TABLE `frequencia`
  MODIFY `codFrequencia` int(7) NOT NULL AUTO_INCREMENT, AUTO_INCREMENT=779;

--
-- AUTO_INCREMENT for table `funcionario`
--
ALTER TABLE `funcionario`
  MODIFY `codFuncionario` int(5) NOT NULL AUTO_INCREMENT, AUTO_INCREMENT=101;

--
-- AUTO_INCREMENT for table `matricula`
--
ALTER TABLE `matricula`
  MODIFY `codMatricula` int(7) NOT NULL AUTO_INCREMENT, AUTO_INCREMENT=260;

--
-- AUTO_INCREMENT for table `turma`
--
ALTER TABLE `turma`
  MODIFY `codTurma` int(7) NOT NULL AUTO_INCREMENT, AUTO_INCREMENT=19;

--
-- Constraints for dumped tables
--

--
-- Limitadores para a tabela `frequencia`
--
ALTER TABLE `frequencia`
  ADD CONSTRAINT `frequencia_ibfk_1` FOREIGN KEY (`codFuncionarioFk`) REFERENCES `funcionario` (`codFuncionario`),
  ADD CONSTRAINT `frequencia_ibfk_2` FOREIGN KEY (`codMatriculaFk`) REFERENCES `matricula` (`codMatricula`);

--
-- Limitadores para a tabela `matricula`
--
ALTER TABLE `matricula`
  ADD CONSTRAINT `matricula_ibfk_1` FOREIGN KEY (`codFuncionario_Fk`) REFERENCES `funcionario` (`codFuncionario`),
  ADD CONSTRAINT `matricula_ibfk_2` FOREIGN KEY (`codAluno_Fk`) REFERENCES `aluno` (`codAluno`),
  ADD CONSTRAINT `matricula_ibfk_3` FOREIGN KEY (`codTurma_Fk`) REFERENCES `turma` (`codTurma`);

--
-- Limitadores para a tabela `turma`
--
ALTER TABLE `turma`
  ADD CONSTRAINT `turma_ibfk_1` FOREIGN KEY (`codCurso_Fk`) REFERENCES `curso` (`codCurso`);
COMMIT;

/*!40101 SET CHARACTER_SET_CLIENT=@OLD_CHARACTER_SET_CLIENT */;
/*!40101 SET CHARACTER_SET_RESULTS=@OLD_CHARACTER_SET_RESULTS */;
/*!40101 SET COLLATION_CONNECTION=@OLD_COLLATION_CONNECTION */;
